SPAC,Newco,Ticker,Announced,Closed,TEV ($M),TEV/IPO,Sector,Geography,Redeemed,Common,Warrant,Institutional Ownership,Chairman,CEO,President,COO,CFO,Director 1,Director 2,Director 3,Director 4,Director 5,Director 6,Director 7,Director 8,Director 9,Director 10,Director 11,Director 12,Director 13,Director 14,Director 15,Date +3mo,Date +6mo,Date +12mo,Date +0mo Price,Date +3mo Price,Date +6mo Price,Date +12mo Price
New Providence Acq,AST SpaceMobile,ASTS,12/16/2020,4/6/2021,"1,392",605%,Technology,US/Canada,,$8.96 ,$2.69 ,55.6725,Abel Avellan,Abel Avellan,#N/A,#N/A,"Thomas E. Severson, Jr., CPA",Tareq Amin,Adriana Cisneros de Griffin,"Alex Coleman, MBA",Luke Ibbetson,"Edward Knapp, MBA","Hiroshi Mikitani, MBA",Ronald Rubin,"Richard Sarnoff, MBA","Thomas E. Severson, Jr., CPA","Julio A. Torres, MBA",,,,,,7/5/2021,10/3/2021,4/1/2022,#N/A,8.66,#N/A,#N/A
Collective Growth,Innoviz Technologies,INVZ,12/11/2020,4/5/2021,"1,033",689%,Automotive,Europe,,$11.04 ,$2.85 ,4.09,Amichai Steimberg,"Omer David Keilaf, MBA",#N/A,Udy Gal-On,Eldar Cegla,Aharon Aharon,"Dan Michael Falk, MBA","Omer David Keilaf, MBA",Ronit Maor,"Oren Rosenzweig, MBA","James Sheridan, MBA","Orit Stav, MBA",,,,,,,,,7/4/2021,10/2/2021,3/31/2022,#N/A,10.845,#N/A,#N/A
Replay Acq,Finance of America,FOA,10/13/2020,4/1/2021,"2,012",700%,Financial,US/Canada,68.70%,$10.10 ,$1.29 ,69.7866,"Brian Lewis Libman, MBA","Patricia L. Cook, MBA",#SPILL!,#N/A,"Johan Gericke, MBA",Menes O. Chee,"Patricia L. Cook, MBA",Norma Corio,Robert W. Lord,Tyson Anwar Pratcher,Lance N. West,,,,,,,,,,6/30/2021,9/28/2021,3/27/2022,#N/A,10.085,#N/A,#N/A
Foley Trasimene II,Paysafe,PSFE,12/7/2020,3/30/2021,"9,000",613%,Financial,US/Canada,0.00%,$13.05 ,,35.4826,"William Patrick Foley, II, MBA","Philip McHugh, MBA",#N/A,"Danny Chazonoff, MBA","Izzy Dawood, CFA, MBA",Matthew George Alfred Bryant,Anthony M. Jabbour,Dagmar P. Kollmann,"Walter Minnes MacNee, MBA","Philip McHugh, MBA",Jonathan Murphy,"James Joseph Murren, CFA","Eli Nagler, MBA","Peter William James Rutland, MBA",Hilary Stewart-Jones,,,,,,6/28/2021,9/26/2021,3/25/2022,#N/A,13.045,#N/A,#N/A
CIIG Merger,Arrival,ARVL,11/18/2020,3/24/2021,"5,400",2087%,Automotive,Europe,0.10%,$13.18 ,$4.15 ,1.2499,"F. Peter Cuneo, MBA",Denis Sverdlov,Avinash Rugoobur,#N/A,Timothy Bruce Holbrow,"Tawni Cranz, EMBA","Alain Kinsch, MBA",Kristen M. O'Hara,"Jae Oh, MBA",Avinash Rugoobur,"Rexford J. Tibbens, MBA",,,,,,,,,,6/22/2021,9/20/2021,3/19/2022,#N/A,13.23,#N/A,#N/A
Newborn Acq,Nuvve,NVVE,11/12/2020,3/22/2021,132,230%,Automotive,Asia,0.00%,$9.58 ,$1.43 ,13.9155,"Gregory Poilasne, PhD, MBA","Gregory Poilasne, PhD, MBA","Ted Smith, CFA, MBA","Ted Smith, CFA, MBA","David G. Robson, CPA","Richard A. Ashby, MBA",Angela Strand Boydston,"Jon M. Montgomery, MBA","H. David Sherman, PhD, MBA","Ted Smith, CFA, MBA",Kenji Yodose,,,,,,,,,,6/20/2021,9/18/2021,3/17/2022,#N/A,9.3807,#N/A,#N/A
Longevity Acq,4D Pharma,LBPS,10/22/2020,3/19/2021,184,461%,Healthcare,Asia,66.10%,$12.37 ,$1.11 ,#N/A,"Axel Gaston Glasmacher, MD",Duncan Peyton,#N/A,#N/A,"John W. Beck, CPA","Edgardo Baracchini, Jr., PhD","Alexander D. Macrae, PhD","Paul Victor Maier, MBA",Duncan Peyton,"Katrin Rupalla, PhD","Alexander James Stevenson, PhD, MBA",,,,,,,,,,6/17/2021,9/15/2021,3/14/2022,#N/A,12.3277,#N/A,#N/A
Roth CH,PureCycle Technologies,PCT,11/16/2020,3/17/2021,826,1080%,Industrial,US/Canada,0.10%,$27.90 ,$16.30 ,6.3815,Michael Otworth,Michael Otworth,#N/A,#N/A,Michael E. Dee,"Richard Brenner, MBA",Tanya Burnell,"Jeffrey Richard Fieler, MBA",Timothy E. Glockner,"Fernando Musa, MBA","John Scott, PhD",,,,,,,,,,6/15/2021,9/13/2021,3/12/2022,#N/A,28.23,#N/A,#N/A
InterPrivate Acq,Aeva,AEVA,11/2/2020,3/12/2021,"1,803",747%,Automotive,US/Canada,1.30%,$10.44 ,$3.11 ,7.1764,Mina Rezk,Soroush Salehian Dardashti,Mina Rezk,#N/A,Saurabh Sinha,"Shahin Farshchi, PhD",Ahmed Mohamed Fattouh,Hrach Simonian,,,,,,,,,,,,,6/10/2021,9/8/2021,3/7/2022,13.04,10.63,#N/A,#N/A
Colonnade Acquisition,Ouster,OUST,12/22/2020,3/11/2021,"1,570",785%,Industrial,US/Canada,0.30%,$8.91 ,$2.33 ,5.262,Carl Bass,Angus Pacala,#N/A,Darien Spencer,"Anna Brunelle, CPA",Jorge A. del Calvo,"Emmanuel T. Hernandez, CPA",Susan Heystee,Sundari Mitra,Angus Pacala,"Remy White Trafelet, CFA",,,,,,,,,,6/9/2021,9/7/2021,3/6/2022,#N/A,8.905,#N/A,#N/A
CF Finance II,View,VIEW,11/30/2020,3/8/2021,"1,628",326%,Industrial,US/Canada,25.20%,$8.53 ,$1.95 ,35.1808,"Rao P. Mulpuri, PhD","Rao P. Mulpuri, PhD",#N/A,"Martin Neumann, PhD","Vidul Prakash, MBA","Delos M. Cosgrove, MD","Nigel Charles Gormly, CFA","Harold E. Hughes, Jr., MBA","Thomas Chris Leppert, MBA",Lisa Picard,,,,,,,,,,,6/6/2021,9/4/2021,3/3/2022,9.19,8.445,#N/A,#N/A
Switchback Energy,ChargePoint,CHPT,9/24/2020,2/26/2021,"2,401",764%,Automotive,US/Canada,0.00%,$24.70 ,$13.17 ,1.5325,#N/A,Pasquale Romano,Pasquale Romano,Lawrence Lee,Rex S. Jackson,"Roxanne Bowman, MBA",Bruce R. Chizen,Axel Harries,"Jeffrey Alan Harris, MBA","Mark Leschly, MBA","Michael Linse, MBA",Pasquale Romano,"Neil S. Suslak, MBA","Rick Wagoner, Jr., MBA",,,,,,,5/27/2021,8/25/2021,2/21/2022,#N/A,24.64,#N/A,#N/A
Longview Acq,Butterfly Network,BFLY,11/20/2020,2/12/2021,"1,457",352%,Healthcare,US/Canada,0.10%,$16.09 ,$5.81 ,17.4512,"Jonathan M. Rothberg, PhD","Todd M. Fruchterman, MD, PhD","Todd M. Fruchterman, MD, PhD","David Perri, MBA","Stephanie Fielding, MBA, CFA",Dawn Carfora,"Elazer R. Edelman, MD, PhD","Todd M. Fruchterman, MD, PhD","John H. Hammergren, MBA",Gianluca Pettiti,"S. Louise Phanstiel, CPA",Lawrence Michael Robbins,,,,,,,,,5/13/2021,8/11/2021,2/7/2022,#N/A,16.1073,#N/A,#N/A
Panacea,Nuvation Bio,NUVB,10/21/2020,2/10/2021,"1,319",918%,Healthcare,US/Canada,0.00%,$10.28 ,$2.00 ,11.5298,"Daniel G. Welch, MBA","David T. Hung, MD","David T. Hung, MD",#N/A,Jennifer Fox,"Robert B. Bazemore, Jr.","Kim D. Blickenstaff, MBA, CPA",Michelle Doig,"Kathryn E. Falberg, MBA","David T. Hung, MD",Oleg Nodelman,"Tony Vernon, MBA",,,,,,,,,5/11/2021,8/9/2021,2/5/2022,#N/A,10.4,#N/A,#N/A
Mountain Crest,Playboy,PLBY,10/1/2020,2/10/2021,381,650%,Media & Entertainment,US/Canada,0.20%,$36.03 ,,11.7766,Suhail R. Rizvi,"Ben Kohn, MBA","Ben Kohn, MBA",#N/A,"Lance Barton, MBA",Tracey Edmonds,"Ben Kohn, MBA","Su Ying Liu, PhD",James Yaffe,,,,,,,,,,,,5/11/2021,8/9/2021,2/5/2022,#N/A,36.84,#N/A,#N/A
INSU Acq II,Metromile,MILE,11/24/2020,2/9/2021,956,416%,Financial,US/Canada,0.00%,$8.88 ,$2.71 ,9.0597,David Friedberg,Dan Preston,#N/A,#N/A,#N/A,Colin H. Bryant,Betsy Z. Cohen,Ryan Graves,Dan Preston,"Vikas Singhal, MBA",,,,,,,,,,,5/10/2021,8/8/2021,2/4/2022,#N/A,8.818,#N/A,#N/A
FS Development,Gemini Therapeutics,GMTX,10/15/2020,2/5/2021,265,220%,Healthcare,US/Canada,0.00%,$12.37 ,,38.2792,#N/A,"Jason Meyenburg, MBA","Jason Meyenburg, MBA",#N/A,"Brian Piekos, MBA","Jean M. George, MBA","Carl Lee Gordon, PhD, CFA","David Charles Lubner, CPA","Jason Meyenburg, MBA","Tu Yen Ong, MD, MBA","Jason P. Rhodes, MBA","James B. Tananbaum, MD, MBA",,,,,,,,,5/6/2021,8/4/2021,1/31/2022,#N/A,12.13,#N/A,#N/A
CC Neuberger,E2open,ETWO,10/14/2020,2/4/2021,"2,570",621%,Technology,US/Canada,0.00%,$9.95 ,$2.11 ,54.1624,#N/A,"Michael Anthony Farlekas, MBA","Michael Anthony Farlekas, MBA","Peter Hantman, MBA",Jarett Jay Janik,Chinh E. Chu,"Stephen C. Daffron, PhD, MBA","Michael Anthony Farlekas, MBA",Ryan M. Hinkle,Eva F. Huston,"Timothy I. Maudlin, CPA",,,,,,,,,,5/5/2021,8/3/2021,1/30/2022,#N/A,9.98,#N/A,#N/A
AMCI Acquisition,Advent Technologies,ADN,10/13/2020,2/4/2021,358,162%,Energy,Global,58.90%,$13.26 ,$2.15 ,8.988,"Vassilios Gregoriou, PhD","Vassilios Gregoriou, PhD","William Hunter, MBA",Jim F. Coffey,"William Hunter, MBA","Skutaris Anggelos, MBA","Lawrence Matthew Clark, Jr., MBA","Emory De Castro, PhD","Katherine E. Fleming, PhD",Katrina Fritz,"William Hunter, MBA",,,,,,,,,,5/5/2021,8/3/2021,1/30/2022,#N/A,13.2,#N/A,#N/A
Novus Capital,AppHarvest,APPH,9/29/2020,1/29/2021,549,550%,Food,US/Canada,0.00%,$16.46 ,$5.85 ,18.8007,Jonathan Webb,Jonathan Webb,"David J. Lee, MBA",Marcella Butler,Loren Eggleton,Kiran Bhatraju,Greg Couch,"Anna Kohanski, MBA",Robert J. Laikin,"David J. Lee, MBA",Martha Stewart,"Jeffrey Williams Ubben, MBA",J. D. Vance,,,,,,,,4/29/2021,7/28/2021,1/24/2022,#N/A,16.295,#N/A,#N/A
Gores IV,United Wholesale Mortgage,UWMC,9/23/2020,1/21/2021,"15,125",3559%,Financial,US/Canada,0.00%,$7.64 ,$1.54 ,33.9447,Mat Ishbia,Mat Ishbia,Mat Ishbia,Melinda Wilner,Timothy Forrester,Kelly Czubak,"Alex Elezaj, MBA",Jeffrey Ishbia,"Justin R. Ishbia, CPA",Laura Lawson,"Isiah L. Thomas, III",Robert A. Verdun,Melinda Wilner,,,,,,,,4/21/2021,7/20/2021,1/16/2022,#N/A,7.5924,#N/A,#N/A
Acamar Partners,CarLotz,LOTZ,10/22/2020,1/21/2021,827,271%,Automotive,US/Canada,0.00%,$7.46 ,$1.69 ,17.5284,"Michael W. Bor, MBA","Michael W. Bor, MBA",#N/A,John Foley,"Thomas W. Stoltz, CPA",Linda Boland Abraham,"Steven G. Carrel, MBA",Sarah M. Kauss,"Dave R. Mitchell, MBA","Kimberly H. Sheehy, CPA","James E. Skinner, CPA","Luis Ignacio Solorzano Aizpuru, MBA",,,,,,,,,4/21/2021,7/20/2021,1/16/2022,#N/A,7.4699,#N/A,#N/A
Oaktree Acq,Hims,HIMS,10/1/2020,1/20/2021,"1,600",795%,Healthcare,US/Canada,0.00%,$12.20 ,$3.57 ,8.256,Andrew Dudum,Andrew Dudum,#N/A,Melissa Baird,Spencer Lee,Alex Bard,"Ambar Bhattacharyya, MBA","Lynne Chou-O'Keefe, MBA","Delos M. Cosgrove, MD","Kirsten A. Green, CFA, CPA","Jules Andrew Maltz, MBA",Andrea Perez,"David B. Wells, MBA",,,,,,,,4/20/2021,7/19/2021,1/15/2022,16.38,12.14,#N/A,#N/A
South Mountain,Billtrust,BTRS,10/19/2020,1/12/2021,"1,293",517%,Financial,US/Canada,0.00%,$15.05 ,$4.80 ,32.5272,Flint A. Lane,Flint A. Lane,"Steven Pinado, MBA",#N/A,Mark L. Shifke,Charles B. Bernicker,Robert J. Farrell,Matt Harris,"Clare Hart, MBA","Lawrence R. Irving, CPA","Juli Christina Spottiswood, CPA",,,,,,,,,,4/12/2021,7/11/2021,1/7/2022,#N/A,15,#N/A,#N/A
Social Capital III,Clover Health,CLOV,10/6/2020,1/7/2021,"3,702",447%,Healthcare,US/Canada,0.00%,$7.73 ,$1.66 ,10.3918,#N/A,Vivek Garipalli,Andrew Toy,Jamie L Reynoso,Joseph Wagner,"Chelsea Clinton, PhD",Vivek Garipalli,"William G. Robinson, Jr.",Lee A. Shapiro,Andrew Toy,"Nathaniel S. Turner, V",,,,,,,,,,4/7/2021,7/6/2021,1/2/2022,#N/A,7.35,#N/A,#N/A
LF Capital Acq,Landsea Homes,LSEA,8/31/2020,1/7/2021,630,398%,Industrial,US/Canada,33.10%,$9.62 ,$0.24 ,19.1494,"Ming Tian, MBA",John Ho,Michael Forsum,Michael Forsum,#N/A,Tim Chang,"Elias Farhat, MBA","Bruce Frank, CPA",Thomas J. Hartfield,John Ho,Robert Miller,"Scott A. Reed, MBA",Gregory P. Wilson,"Qin Zhou, MBA",,,,,,,4/7/2021,7/6/2021,1/2/2022,#N/A,9.75,#N/A,#N/A
Megalith Financial,BankMobile,BMTX,8/6/2020,1/4/2021,140,82%,Financial,US/Canada,84.30%,$11.27 ,$1.99 ,14.1178,Luvleen Sidhu,Luvleen Sidhu,#N/A,Robert Diegel,Robert H. Ramsey,Pankaj Dinodia,"A. J. Dunklau, MBA",Mike Gill,Aaron Hodari,Brent Hurley,Marcy Schwab,,,,,,,,,,4/4/2021,7/3/2021,12/30/2021,#N/A,11.85,#N/A,#N/A
Tottenham Acq,Clene Nanomedicines,CLNN,9/2/2020,12/30/2020,542,1179%,Healthcare,US/Canada,81.30%,$12.54 ,$0.96 ,0.9968,Shalom Jacobovitz,"Robert Dee Etherington, MBA","Robert Dee Etherington, MBA",#N/A,"Tae Heum Jeong, PhD","Fiona E. Costello, MD","Robert Dee Etherington, MBA","Jonathon T. Gay, MBA",David Jeffrey Matlin,"Alison H. Mosca, CPA","John Henry Stevens, MD","Chidozie Ugwumba, CFA, MBA","Reed N. Wilcox, MBA",,,,,,,,3/30/2021,6/28/2021,12/25/2021,#N/A,13.89,#N/A,#N/A
Live Oak Acq,Danimer Scientific,DNMR,10/5/2020,12/29/2020,525,263%,Industrial,US/Canada,0.00%,$32.56 ,$20.66 ,19.5423,"Stephen E. Croskrey, MBA","Stephen E. Croskrey, MBA",#N/A,Michael Smith,"John A. Dowdy, III, CPA","John Peter Amboian, MBA",Christy Basco,Philip Gregory Calhoun,Rick Hendrix,"Greg Hunt, CPA","Isao Noda, PhD",Stuart Pratt,,,,,,,,,3/29/2021,6/27/2021,12/24/2021,#N/A,36.84,#N/A,#N/A
Landcadia II,Golden Nugget Online Gaming,GNOG,6/29/2020,12/29/2020,745,236%,Media & Entertainment,US/Canada,0.00%,$15.68 ,,16.8552,Tilman Joseph Fertitta,Tilman Joseph Fertitta,Thomas Winter,#N/A,"Michael J. Harwell, CPA","Michael S. Chadwick, MBA",Scott Kelly,"Richard H. Liem, CPA",Steven L. Scheinthal,G. Michael Stevens,,,,,,,,,,,3/29/2021,6/27/2021,12/24/2021,#N/A,12.82,#N/A,#N/A
RMG Acquisition,Romeo Power,RMO,10/5/2020,12/29/2020,993,432%,Automotive,US/Canada,0.00%,$9.20 ,$0.12 ,8.73,Robert S. Mancini,"Lionel E. Selwood, Jr.","Lionel E. Selwood, Jr.",Criswell Choi,Lauren Webb,"Susan Brennan, MBA",Brady D. Ericson,"Donald S. Gottwald, MBA",Philip Kassin,"Lionel E. Selwood, Jr.","Timothy E. Stuart, MBA",Lauren Webb,"Paul S. Williams, CPA",,,,,,,,3/29/2021,6/27/2021,12/24/2021,#N/A,10.88,#N/A,#N/A
dMY Technology,Rush Street Interactive ,RSI,7/27/2020,12/29/2020,"1,780",774%,Media & Entertainment,US/Canada,0.00%,$14.91 ,,58.1857,"Neil Gary Bluhm, CPA",Gregory A. Carlin,Richard Schwartz,Mattias Stetz,"Kyle L. Sauers, CPA",Leslie Bluhm,Gregory A. Carlin,Niccolo M. de Masi,Judith Gold,Jim A. Gordon,Sheli Z. Rosenberg,Paul Wierbicki,"Harry L. You, MBA",,,,,,,,3/29/2021,6/27/2021,12/24/2021,#N/A,15,#N/A,#N/A
PropTech Acq,Porch.com,PRCH,7/31/2020,12/23/2020,523,303%,Real Estate,US/Canada,0.00%,$16.92 ,$5.41 ,37.1933,Matt Ehrlichman,Matt Ehrlichman,#N/A,"Matthew Neagle, MBA","Marty Heimbigner, EMBA, CPA",Thomas D. Hennessy,Alan Robert Pickerill,"Javier Saade, MBA",Asha Sharma,"Chris Terrill, MBA","Regi Vengalil, MBA",Margaret M. Whelan,,,,,,,,,3/23/2021,6/21/2021,12/18/2021,#N/A,16.64,#N/A,#N/A
LifeSci,Vincera Pharma,VINC,9/29/2020,12/23/2020,77,117%,Healthcare,US/Canada,0.00%,$18.87 ,$3.45 ,27.5768,"Ahmed Hamdy, MD","Ahmed Hamdy, MD","Raquel E. Izumi, PhD","Raquel E. Izumi, PhD","Alexander Seelenberger Farba, MBA",Laura I. Bushnell,"Brian J. Druker, MD","Raquel E. Izumi, PhD","John Lee, MD","Christopher P. Lowe, MBA","Mark A. McCamish, MD, PhD","Andrew Ian McDonald, PhD",Francisco D. Salva,,,,,,,,3/23/2021,6/21/2021,12/18/2021,#N/A,21.25,#N/A,#N/A
Haymaker II,ARKO Holdings,ARKO,9/9/2020,12/22/2020,"2,000",500%,Consumer,US/Canada,49.10%,$10.10 ,$2.10 ,36.6681,Arie E. Kotler,Arie E. Kotler,Arie E. Kotler,#N/A,"Donald P. Bassell, CPA","Sherman K. Edmiston, III, MBA","Michael J. Gade, MBA","Andrew R. Heyer, MBA","Steven J. Heyer, MBA","Starlette B. Johnson, MBA",Morris Willner,,,,,,,,,,3/22/2021,6/20/2021,12/17/2021,#N/A,9.92,#N/A,#N/A
Monocle Acq,AerSale,ASLE,12/9/2019,12/22/2020,370,213%,Industrial,US/Canada,93.60%,$12.47 ,$2.50 ,8.3496,Nicolas Finazzo,Nicolas Finazzo,Eric J. Zahler,#N/A,Martin Garmendia,Sai S. Devabhaktuni,C. Robert Kehler,Michael John Kirton,Robert B. Nichols,"Peter J. Nolan, MBA",Jonathan A. Seiffer,"Richard J. Townsend, MBA",Eric J. Zahler,,,,,,,,3/22/2021,6/20/2021,12/17/2021,#N/A,12.81,#N/A,#N/A
Pivotal II,XL Fleet,XL,9/18/2020,12/21/2020,"1,087",473%,Automotive,US/Canada,0.00%,$7.14 ,,10.4325,"Debora M. Frodl, MBA","Dimitri N. Kazarinoff, MBA","Thomas J. Hynes, III",#N/A,#N/A,"Declan P Flanagan, MBA",Kevin F. Griffin,Christopher M Hayes,"Thomas J. Hynes, III","Dimitri N. Kazarinoff, MBA","Jonathan J. Ledecky, MBA","Niharika Taskar Ramdev, MBA",Sarah Sclarsic,,,,,,,,3/21/2021,6/19/2021,12/16/2021,#N/A,12.12,#N/A,#N/A
Hennessy IV,Canoo,GOEV,8/18/2020,12/21/2020,"1,841",607%,Automotive,US/Canada,0.70%,$8.59 ,$2.63 ,4.6591,Anthony Aquila,Ulrich Kranz,#N/A,#N/A,Renato Carlo Giger,"Ming Hsien Chiang, MBA",Thomas Aquinas Dattilo,Claudia Romo Edelman,Gregory D. Ethridge,Arthur F. Kingsbury,Rainer E. Schmückle,Josette Sheeran,"Debra L. von Storch, CPA",,,,,,,,3/21/2021,6/19/2021,12/16/2021,#N/A,15.38,#N/A,#N/A
Schultze Acq,Clever Leaves,CLVR,7/27/2020,12/18/2020,206,158%,Cannabis,LatAm,34.70%,$11.62 ,$2.97 ,41.7987,#N/A,Kyle Detwiler,"Andrés Fajardo, MBA",#N/A,"Henry R Hague, III",Etienne H. Deffarges,"Elisabeth H. DeMarse, MBA",Kyle Detwiler,"Andrés Fajardo, MBA","Gary M. Julien, MBA",,,,,,,,,,,3/18/2021,6/16/2021,12/13/2021,#N/A,13.42,#N/A,#N/A
Social Capital II,Opendoor,OPEN,9/15/2020,12/18/2020,"4,800",1159%,Real Estate,US/Canada,0.00%,$20.32 ,$8.85 ,13.2611,Eric Wu,Eric Wu,"Andrew Low Ah Kee, MBA",#N/A,"Carrie Ann Wheeler, MBA",Adam Bain,"Cipora Herman, MBA",Jon Jaffe,Pueo G. Keffer,"Jason Kilar, MBA","John E. Rice, Jr., MBA","Glenn Solomon, MBA",,,,,,,,,3/18/2021,6/16/2021,12/13/2021,#N/A,26.81,#N/A,#N/A
Flying Eagle,Skillz,SKLZ,9/2/2020,12/16/2020,"3,250",471%,Consumer,US/Canada,0.00%,$15.98 ,$4.76 ,37.2475,#N/A,Andrew C. Paradise,#N/A,#N/A,Scott D. Henry,Jerry Bruckheimer,"Casey Chafkin, MBA",Christopher S. Gaffney,Vanna Mehta-Krantz,Andrew C. Paradise,Harry Evans Sloan,Kent Wakeford,,,,,,,,,3/16/2021,6/14/2021,12/11/2021,#N/A,30.69,#N/A,#N/A
Opes Acquisition,BurgerFi,BFI,6/30/2020,12/16/2020,143,123%,Food,US/Canada,60.50%,$14.79 ,$3.94 ,19.2034,Ophir Sternberg,"Julio A. Ramirez, MBA",Charles Guzzetta,Jim Esposito,"Michael Rabinovitch, CPA",Steven Richard Berrard,Allison Greenfield,"Gregory Mann, MBA",Martha Stewart,,,,,,,,,,,,3/16/2021,6/14/2021,12/11/2021,#N/A,14.39,#N/A,#N/A
Tenzing Acq,Reviva Pharma,RVPH,7/21/2020,12/14/2020,119,188%,Healthcare,US/Canada,86.00%,$4.66 ,$0.40 ,3.9362,"Parag Saxena, MBA","Laxminarayan Bhat, PhD","Laxminarayan Bhat, PhD",#N/A,"Narayan Prabhu, MBA, CPA","Laxminarayan Bhat, PhD",Les Funtleyder,"Richard A. Margolin, MD",Purav Patel,,,,,,,,,,,,3/14/2021,6/12/2021,12/9/2021,#N/A,8.48,#N/A,#N/A
Trine Acq,Desktop Metal,DM,8/26/2020,12/9/2020,"1,800",600%,Technology,US/Canada,0.10%,$12.91 ,,9.71,"Ric Fulop, MBA","Ric Fulop, MBA",Steve Billow,#N/A,"James Haley, MBA","Scott J. Dussault, CPA",Ali El-Siblani,"Dayna B. Grayson, MBA","Leo J. Hindery, Jr., MBA","Wen H. Hsieh, PhD","Jeff Immelt, MBA",Byron Knight,Stephen Nigro,"Steve Papa, MBA",Andy Wheeler,"Bilal Zuberi, PhD",,,,,3/9/2021,6/7/2021,12/4/2021,#N/A,17.96,#N/A,#N/A
HL Acquisitions,Fusion Fuel,HTOO,6/8/2020,12/9/2020,96,176%,Energy,Europe,7.40%,$12.38 ,$3.65 ,39.5763,"Jeffrey Evan Schwarz, MBA",#N/A,#N/A,#N/A,Frederico Figueira de Chaves,Frederico Figueira de Chaves,"António Augusto Gutierrez Sá da Costa, PhD","Alla Jezmir, MBA","Rune Magnus Lundetræ, CPA",Jaime Silva,João Teixeira Wahnon,,,,,,,,,,3/9/2021,6/7/2021,12/4/2021,#N/A,13.49,#N/A,#N/A
Gores Metropoulos,Luminar,LAZR,8/24/2020,12/2/2020,"2,900",725%,Automotive,US/Canada,0.00%,$19.73 ,,9.0045,Austin Russell,Austin Russell,Austin Russell,#N/A,Thomas Fennimore,Alec E. Gores,"Mary Lou Jepsen, PhD","Ben Kortlang, MBA",Katharine A. Martin,Scott A. McGregor,"Matthew J. Simoncini, CPA",,,,,,,,,,3/2/2021,5/31/2021,11/27/2021,#N/A,27.8,#N/A,#N/A
Kensington Capital,QuantumScape,QS,9/3/2020,11/25/2020,"3,321",1444%,Automotive,US/Canada,0.10%,$42.12 ,$31.28 ,27.2909,"Jagdeep Singh, MBA","Jagdeep Singh, MBA",#N/A,#N/A,"Kevin Hettrich, MBA",Frank Blome,Bradley W. Buss,"Louis John Doerr, MBA","Jürgen Leohold, PhD","Justin Evan Mirro, MBA","Fritz B. Prinz, PhD","Dipender Saluja, PhD",Jeffrey B. Straubel,"Jens Wiese, MBA",,,,,,,2/23/2021,5/24/2021,11/20/2021,#N/A,55.46,#N/A,#N/A
Legacy Acq,Onyx Enterprises,ID,9/21/2020,11/20/2020,331,110%,Consumer,US/Canada,96.90%,$7.84 ,,7.0945,"Prashant Shanker Pathak, MBA",Antonino Ciappina,#N/A,Ajay Roy,Kailas Agrawal,Aditya C. Jha,Darryl T. F. McCall,"Rahul Petkar, MBA",Edwin J. Rigaud,Ann M. Schwister,"Richard D. White, MBA, CPA",,,,,,,,,,2/18/2021,5/19/2021,11/15/2021,#N/A,8.9,#N/A,#N/A
Fortress Value,MP Materials,MP,7/15/2020,11/18/2020,"1,043",303%,Materials,US/Canada,0.10%,$33.93 ,$22.04 ,55.6922,"James Henry Litinsky, MBA","James Henry Litinsky, MBA",#N/A,Michael Rosenthal,Ryan Sean Corbett,"Connie Kadrovach Duckworth, MBA",Dan Gold,Maryanne R. Lavan,Drew McKnight,"Richard B. Myers, MBA","Randall John Weisenburger, MBA",,,,,,,,,,2/16/2021,5/17/2021,11/13/2021,#N/A,40.75,#N/A,#N/A
Orisun Acq,Ucommune,UK,7/6/2020,11/17/2020,765,1723%,Technology,Asia,,$2.25 ,$0.33 ,0.1638,Cheong Kwok Mun,Zhuang Kun He,#N/A,Xin Guan,Cheong Kwok Mun,Shan Shan Guo,"Mei Han, PhD, MBA",Zhuang Kun He,"Xiao Cheng Peng, MBA",Jing Hong Xu,"Jian Zhang, EMBA",Zhimo Zhao,,,,,,,,,2/15/2021,5/16/2021,11/12/2021,#N/A,3.64,#N/A,#N/A
CF Finance,GCM Grosvenor ,GCMG,8/3/2020,11/17/2020,"2,175",762%,Financial,US/Canada,58.90%,$12.28 ,$1.40 ,430.5791,"Michael Jay Sacks, MBA","Michael Jay Sacks, MBA",Jonathan R. Levin,"Francis O. Idehen, MBA","Pamela L. Bentley, CPA","Angela Blanton, MBA","Francesca Cornelli, PhD",Jonathan R. Levin,"Stephen J. Malkin, MBA",Blythe S. J. Masters,"Paul Allen Meister, PhD","Samuel C. Scott, III, MBA",,,,,,,,,2/15/2021,5/16/2021,11/12/2021,#N/A,13.33,#N/A,#N/A
B. Riley Merger II,Eos Energy Storage,EOSE,9/8/2020,11/16/2020,550,311%,Energy,US/Canada,36.80%,$16.39 ,$7.06 ,39.6722,Russell M. Stidolph,Joe Mastrangelo,#N/A,Jody Markopoulos,"Sagar C. Kurada, MBA",Alexander Dimitrief,Joe Mastrangelo,Daniel Shribman,"Krishna P. Singh, PhD",Marian Krogius Walters,Audrey A. Zibelman,,,,,,,,,,2/14/2021,5/15/2021,11/11/2021,#N/A,25.49,#N/A,#N/A
Netfin Acq,Triterras Fintech,TRIT,7/29/2020,11/10/2020,674,266%,Financial,Asia,2.90%,$7.65 ,$1.67 ,25.3727,Srinivas Koneru,Srinivas Koneru,#N/A,John Galani,"Alvin Tan, CPA","Tuck Hoong Kow, CFA","Richard M. Maurer, MBA, CPA",Matthew Paul Richards,Vanessa Slowey,Kenneth Stratton,,,,,,,,,,,2/8/2021,5/9/2021,11/5/2021,#N/A,8.25,#N/A,#N/A
KBL Merger IV,180 Life Sciences,ATNF,7/26/2019,11/6/2020,242,208%,Healthcare,US/Canada,98.90%,$10.54 ,$2.30 ,7.7931,#SPILL!,"Jim N. Woody, MD, PhD",#N/A,"Lawrence Pemble, MBA","Ozan Pamir, CFA","Larry Gold, PhD","Donald A. McGovern, Jr., MBA",,,,,,,,,,,,,,2/4/2021,5/5/2021,11/1/2021,#N/A,5.39,#N/A,#N/A
Healthcare Merger,SOC Telemed,TLMD,7/29/2020,10/30/2020,721,288%,Healthcare,US/Canada,74.40%,$6.81 ,$0.99 ,29.4684,Steve J. Shulman,John W. Kalix,"Hai V. Tran, MBA","Hai V. Tran, MBA","Christopher K. Knibb, CPA","Barbara Peterson Byrne, MD","Thomas Joseph Carella, MBA","Christopher Gallagher, MD",Joseph P. Greskoviak,John W. Kalix,"Amr Kronfol, CFA, MBA",Anne M. McGeorge,,,,,,,,,1/28/2021,4/28/2021,10/25/2021,#N/A,7.43,#N/A,#N/A
Spartan Energy,Fisker,FSR,7/13/2020,10/29/2020,"1,900",344%,Automotive,US/Canada,3.60%,$14.44 ,$7.16 ,32.3486,Henrik Fisker,Henrik Fisker,Henrik Fisker,#N/A,"Geeta Gupta-Fisker, PhD",Wendy J. Greuel,"Geeta Gupta-Fisker, PhD","Mark E. Hickson, MBA","Bill McDermott, MBA",Roderick K. Randall,"Nadine I. Watt, MBA",Mitchell Zuklie,,,,,,,,,1/27/2021,4/27/2021,10/24/2021,#N/A,16.63,#N/A,#N/A
Conyers Park II,Advantage Solutions,ADV,9/8/2020,10/28/2020,"5,200",1156%,Consumer,US/Canada,71.40%,$12.83 ,$3.34 ,20.91,"James Marshall Kilts, MBA",Tanya Lynn Domier,Jill Griffin,"Brian Gifford Stevens, MBA, CPA","Brian Gifford Stevens, MBA, CPA","Ronald E. Blaylock, MBA",Cameron Breitner,Beverly Fanger Chase,Virginie Costa,"Ryan Cotton, MBA",Tanya Lynn Domier,Timothy J. Flynn,Tiffany Han,Elizabeth Muñoz,"Brian K. Ratzan, MBA",Jonathan D. Sokoloff,David J. West,,,,1/26/2021,4/26/2021,10/23/2021,#N/A,10.48,#N/A,#N/A
ARYA Sciences II,Cerevel Thera,CERE,7/30/2020,10/27/2020,847,567%,Healthcare,US/Canada,1.60%,$13.92 ,$4.69 ,27.6627,"N. Anthony Coles, Jr., MD","N. Anthony Coles, Jr., MD","N. Anthony Coles, Jr., MD",#N/A,"Kathy Yi, MBA","Deborah Baron, MBA","Morris J. Birnbaum, MD, PhD","Marijn E. Dekkers, PhD","Douglas Ernest Giordano, MBA","Christopher Riley Gordon, MBA","Gabrielle G. Greene-Sulzberger, MBA","Adam M. Koppel, MD, PhD","Ruth McKernan, PhD",Deval L. Patrick,"Norbert G. Riedel, PhD",,,,,,1/25/2021,4/25/2021,10/22/2021,#N/A,13.42,#N/A,#N/A
DiamondPeak,Lordstown Motors,RIDE,8/3/2020,10/23/2020,965,345%,Automotive,US/Canada,0.00%,$10.46 ,,22.9007,Stephen S. Burns,Stephen S. Burns,Rich Schmidt,John Lafleur,"Julio C. Rodriguez, CPA",Angela Strand Boydston,"Keith A. Feldman, CFA, CPA","Michael David Gates, CFA","David T. Hamamoto, MBA",Mickey W. Kowitz,Jane Reiss,Martin J. Rucidlo,Dale Spencer,,,,,,,,1/21/2021,4/21/2021,10/18/2021,#N/A,24.01,#N/A,#N/A
FinTech III,Paya,PAYA,8/3/2020,10/16/2020,"1,300",377%,Financial,US/Canada,16.50%,$11.58 ,$3.29 ,39.921,"Aaron Douglas Cohen, CPA","Jeff Ian Hack, MBA",#N/A,Christine Scappa,Glenn Renzulli,Jim Bonetti,"Michael Jon Gordon, MBA","Jeff Ian Hack, MBA",Christine E. Larsen,"K. J. McConnell, MBA","Collin Edward Roche, MBA","Anna May L. Trala, CPA","Stuart J. Yarbrough, CPA",,,,,,,,1/14/2021,4/14/2021,10/11/2021,11.37,13.7,#N/A,#N/A
Forum II,Tattooed Chef,TTCF,6/12/2020,10/15/2020,482,241%,Food,US/Canada,0.00%,$18.52 ,,16.5688,#N/A,Salvatore Galletti,Salvatore Galletti,Stephanie Dieckmann,"Chuck Cargile, MBA","David B. Boris, MBA","Paula Ann Ciaramitaro, MBA",Jennifer Sims Fellner,Salvatore Galletti,Edward S. Gelfand,Ryan Olohan,"Marie D. Quintero-Johnson, CPA, MBA",Bryan Rosenberg,"Daniel J. Williamson, CPA",,,,,,,1/13/2021,4/13/2021,10/10/2021,#N/A,25.56,#N/A,#N/A
Software Acq,CuriosityStream,CURI,8/11/2020,10/14/2020,331,221%,Technology,US/Canada,83.90%,$13.19 ,$4.73 ,10.8115,John S. Hendricks,Clint Stinchcomb,Clint Stinchcomb,Tia Cudahy,"Jason Eustace, MBA","Matthew C. Blank, MBA",Andrew Hendricks,Elizabeth Hendricks,"Jonathan Serge Huberman, MBA",Patrick J. Keeley,Mike Nikzad,Clint Stinchcomb,,,,,,,,,1/12/2021,4/12/2021,10/9/2021,#N/A,17.42,#N/A,#N/A
Insurance Acq,Shift,SFT,6/29/2020,10/13/2020,415,276%,Financial,US/Canada,0.00%,$8.22 ,,36.8693,George Arison,#SPILL!,#N/A,Sean Foy,"Oded Shein, MBA",Irakly George Areshidze Arison,Kellyn Smith Kenny,"Jason Krikorian, MBA","Victoria McInnis, MBA","Emily Melton, MBA",Adam Nash,Manish Patel,Tobias Russell,,,,,,,,1/11/2021,4/11/2021,10/8/2021,#N/A,8.38,#N/A,#N/A
Churchill III,MultiPlan,MPLN,7/12/2020,10/8/2020,"11,138",1013%,Healthcare,US/Canada,7.90%,$6.29 ,$1.14 ,32.0324,Mark Howard Tabak,Mark Howard Tabak,#N/A,#N/A,"David L. Redmond, CPA","Glenn Russell August, MBA",Richard A. Clarke,"Anthony Colaluca, Jr., CPA","Paul D. Emery, MBA","C. Martin Harris, MD, MBA",Julie D. Klapstein,Michael Stuart Klein,P. Hunter Philbrick,"Allen R. Thorpe, MBA",Bill Veghte,,,,,,1/6/2021,4/6/2021,10/3/2021,#N/A,7.69,#N/A,#N/A
Tortoise Acq,Hyliion,HYLN,6/19/2020,10/1/2020,"1,097",471%,Automotive,US/Canada,0.00%,$9.66 ,,18.5617,"Ed Olkkola, MBA",Thomas J. Healy,Thomas J. Healy,#N/A,Sherri Baker,"Andrew Hill Card, Jr.","Vincent T. Cubbage, MBA",Thomas J. Healy,Howard M. Jenkins,"Robert M. Knight, Jr., MBA","Stephen Sze-Yin Pang, CFA",,,,,,,,,,12/30/2020,3/30/2021,9/26/2021,#N/A,16.72,#N/A,#N/A
8i Enterprises,Diginex,EQOS,,9/30/2020,296,515%,Technology,Asia,59.50%,$10.87 ,,3.1952,Chi-Won Yoon,Richard Byworth,#N/A,Jim Pollock,Paul Ewing,Richard Byworth,Paul Ewing,"Richard Petty, PhD","Paul Smith, CFA",Siew Lian Theng,Andrew Watkins,,,,,,,,,,12/29/2020,3/29/2021,9/25/2021,#N/A,14.02,#N/A,#N/A
Graf Industrial,Velodyne Lidar,VLDR,7/2/2020,9/29/2020,"1,566",642%,Automotive,US/Canada,53.00%,$12.85 ,$3.90 ,10.9678,"Joseph B. Culkin, PhD","Anand Gopalan, PhD","Anand Gopalan, PhD","James L. Barnhart, MBA","Andrew D. Hamer, CPA",Michael E. Dee,"Anand Gopalan, PhD",Marta Thoma Hall,Deborah A. P. Hersman,Barbara Jean Samardzich,"Christopher Thomas, MBA","Hamid Zarringhalam, MBA",,,,,,,,,12/28/2020,3/28/2021,9/24/2021,#N/A,22.59,#N/A,#N/A
Far Point Acq,Global Blue,GB,1/16/2020,8/28/2020,"2,461",389%,Technology,US/Canada,77.00%,$12.05 ,$1.60 ,10.2987,"Thomas W. Farley, CFA",Jacques Stern,Jacques Stern,Jeremy Taylor,Loïc Jenouvrier,"Marcel Erni, PhD, MBA","Christian Y. Lucas, MBA","Eric Meurice, MBA",Joe Osnoss,Jacques Stern,"Eric Strutz, PhD, MBA","Ying Zhao, EMBA",,,,,,,,,11/26/2020,2/24/2021,8/23/2021,#N/A,11.26,#N/A,#N/A
Collier Creek,Utz,UTZ,6/5/2020,8/28/2020,"1,560",355%,Food,US/Canada,0.00%,$26.02 ,,61.9745,"Roger K. Deromedi, MBA",Dylan B. Lissette,#N/A,#N/A,"Cary Devore, MBA","John W. Altmeyer, MBA",Timothy P. Brown,"Christina Choi, MBA",Antonio F. Fernandez,"Jason K. Giordano, MBA","B. John Lindeman, CFA",Dylan B. Lissette,Michael W. Rice,"Craig D. Steeneck, CPA",,,,,,,11/26/2020,2/24/2021,8/23/2021,16.34,19.85,#N/A,#N/A
Pure Acq,HighPeak Energy,HPK,7/7/2020,8/21/2020,845,204%,Energy,US/Canada,97.60%,$7.50 ,$2.35 ,2.1403,Jack D. Hightower,Jack D. Hightower,Michael L. Hollis,Rodney L. Woodard,"Steven W. Tholen, MBA","Jay M. Chernosky, MBA","Keith A. Covington, MBA",Sharon Fulgham,Michael H. Gustin,Michael L. Hollis,"Larry C. Oldham, CPA",,,,,,,,,,11/19/2020,2/17/2021,8/16/2021,#N/A,5.15,#N/A,#N/A
Leo Holdings,Digital Media Solutions,DMS,4/23/2020,7/15/2020,757,379%,Media & Entertainment,US/Canada,95.70%,$12.53 ,$1.61 ,4.8796,"Mary Ellen Minnick, MBA",Joseph L. Marinucci,Joseph L. Marinucci,Fernando Borghese,"Vasundara Srenivas, CPA, MBA",Fernando Borghese,Robert Darwent,"Robbie Isenberg, MBA",Lyndon Lea,Joseph L. Marinucci,James H. Miller,,,,,,,,,,10/13/2020,1/11/2021,7/10/2021,#N/A,7.1,#N/A,#N/A
ARYA Sciences,Immatics Biotech,IMTX,3/17/2020,7/1/2020,314,219%,Healthcare,Europe,0.00%,$11.56 ,$3.16 ,31.0536,Peter Alan Chambré,"Harpreet Singh-Jasuja, PhD",#N/A,Jessica Mosby,"Arnd Christ, MBA","Michael G. Atieh, CPA",Paul R. Carter,"Eliot Richard Forster, PhD, MBA","Christof Hettich, PhD, LLD","Heather L. Mason, MBA",Adam Leo Stone,,,,,,,,,,9/29/2020,12/28/2020,6/26/2021,#N/A,10.55,#N/A,#N/A
Gordon Pointe,HOF Village,HOFV,,7/1/2020,421,334%,Travel & Hospitality,US/Canada,60.10%,$3.58 ,$1.23 ,5.62,"Michael Crawford, MBA","Michael Crawford, MBA","Michael Crawford, MBA",Michael Levy,"Jason Krom, MBA","Anthony J. Buzzelli, CPA","David Dennis, CPA",James J. Dolan,Karl L. Holz,"Stuart Lichter, MBA",Curtis Martin,"Mary Owen, MBA","Edward J. Roth, III",Lisa Roy,"Kimberly K. Schaefer, CPA",,,,,,9/29/2020,12/28/2020,6/26/2021,#N/A,2.52,#N/A,#N/A
Act II Global,Whole Earth Brands,FREE,,6/25/2020,439,146%,Food,US/Canada,11.90%,$13.62 ,$2.05 ,60.5787,Irwin David Simon,"Albert Manzone, MBA",#N/A,#N/A,"Andrew Rusie, MBA",Anuraag Agarwal,Steven Michael Cohen,Denise Menikheim Faltischek,"Ira J. Lamel, CPA","Albert Manzone, MBA","John Milton McMillin, III, CFA",,,,,,,,,,9/23/2020,12/22/2020,6/20/2021,#N/A,7.99,#N/A,#N/A
Proficient Alpha,Lion Financial,LGHL,3/11/2020,6/16/2020,125,109%,Financial,Asia,96%,$3.05 ,$0.39 ,2.2452,Jian Wang,Chun Ning Wang,#N/A,Luo Hua,Sze Hau Lee,Chi-yang Chen,Chi Fai Choi,"Walter R. Cook, MBA",Luo Hua,Chun Ning Wang,"Guan Dong Wang, PhD",Zhi Xiang Zhang,,,,,,,,,9/14/2020,12/13/2020,6/11/2021,#N/A,2.59,#N/A,#N/A
Nebula Acq,Open Lending,LPRO,1/6/2020,6/10/2020,"1,300",473%,Technology,US/Canada,40.00%,$37.96 ,,48.0987,John J. Flynn,John J. Flynn,"Ross M. Jessup, CPA","Ross M. Jessup, CPA","Charles D. Jehl, CPA","Adam H. Clammer, MBA","Eric A. Feldstein, MBA","Blair J. Greenberg, MBA","Ross M. Jessup, CPA","Shubhi S. Rao, MBA","Jessica Elizabeth Synder, MBA","Brandon Van Buren, MBA","Gene Yoon, MBA",,,,,,,,9/8/2020,12/7/2020,6/5/2021,#N/A,21.51,#N/A,#N/A
VectoIQ Acq,Nikola,NKLA,3/3/2020,6/3/2020,"3,324",1431%,Automotive,US/Canada,0.10%,$11.71 ,,17.5644,"Steve Girsky, MBA",Mark A. Russell,Mark A. Russell,#N/A,"Kim J. Brady, MBA","Sophia Jin, MBA",Michael L. Mansuetti,"Gerrit A. Marx, MBA","Mary L. Petrovich, MBA",Mark A. Russell,"Steven M. Shindler, MBA","Bruce L. Smith, MBA","DeWitt C. Thompson, V","Jeffrey Williams Ubben, MBA",,,,,,,9/1/2020,11/30/2020,5/29/2021,#N/A,41,#N/A,#N/A
Mudrick Capital,Hycroft Mining,HYMC,1/14/2020,5/29/2020,615,293%,Materials,US/Canada,94.20%,$3.86 ,$0.51 ,97.1732,David Kirsch,"Diane Renee Garrett, PhD","Diane Renee Garrett, PhD",John William Henris,"Stanton K. Rideout, MBA, CPA",Eugene Irwin Davis,John J. Ellis,"Diane Renee Garrett, PhD","Michael James Harrison, MBA",Thomas S. Weng,"Marjorie A. Wieshofer, MBA",,,,,,,,,,8/27/2020,11/25/2020,5/24/2021,#N/A,9.44,#N/A,#N/A
Wealthbridge,Scienjoy,SJ,11/1/2019,5/7/2020,186,325%,Technology,Asia,90.60%,$9.60 ,$0.54 ,0.0787,"Xiao Wu He, MBA","Xiao Wu He, MBA",#N/A,"Bo Wan, MBA","Denny Tang, MBA","Hui Feng Chang, PhD, MBA",Jining Li,Yi Bing Liu,Yong Sheng Liu,"Jian Sun, PhD, CPA","Bo Wan, MBA",,,,,,,,,,8/5/2020,11/3/2020,5/2/2021,#N/A,6.1448,#N/A,#N/A
Diamond Eagle,DraftKings,DKNG,12/23/2019,4/23/2020,"2,700",675%,Media & Entertainment,US/Canada,0.00%,$58.80 ,,46.2207,Jason D. Robins,Jason D. Robins,#N/A,#N/A,"Jason K. Park, MBA",Michael Gavin Isaacs,"Matthew Kalish, MBA",Woodrow H. Levin,Paul Liberman,Shalom Meckenzie,Jocelyn Moore,Ryan Robert Moore,"Valerie A. Mosley, MBA","Steve Joseph Murray, CPA",Hany M. Nada,Richard M. Rosenblatt,John Salter,Harry Evans Sloan,Marni M. Walden,,7/22/2020,10/20/2020,4/18/2021,#N/A,37.75,#N/A,#N/A
Fellazo Inc,N/A,,N/A,4/17/2020,,,,,100.00%,,,#N/A,#N/A,#N/A,#N/A,#N/A,#N/A,#N/A,,,,,,,,,,,,,,,7/16/2020,10/14/2020,4/12/2021,#N/A,#N/A,#N/A,#N/A
Pensare Acq,Stratos Management Systems,AVCT,7/25/2019,4/7/2020,65,21%,Technology,US/Canada,99.70%,$8.06 ,$0.67 ,6.4253,Darrell J. Mays,"Xavier Williams, MBA",#N/A,Michael A. Dennis,"Thomas Hugh King, CPA","Klaas P. Baks, PhD","Carolyn Hogan Byrd, MBA","Mark E. Downs, MBA","U. Bertram Ellis, Jr., MBA",Karl J. Krapek,Dennis P. Lockhart,Kent J. Mathy,"Lawrence E. Mock, Jr.","Xavier Williams, MBA",,,,,,,7/6/2020,10/4/2020,4/2/2021,#N/A,3.43,#N/A,#N/A
Allegro Merger,N/A,,N/A,3/31/2020,,,,,100.00%,,,#N/A,#N/A,#N/A,#N/A,#N/A,#N/A,#N/A,,,,,,,,,,,,,,,6/29/2020,9/27/2020,3/26/2021,#N/A,#N/A,#N/A,#N/A
EdtechX Holdings,Meten,METX,12/12/2019,3/30/2020,614,956%,Consumer,Asia,94.50%,$2.12 ,$0.33 ,6.5124,"Ji Shuang Zhao, EMBA","Si Guang Peng, EMBA",#N/A,#N/A,Heung Ming Wong,Yanli Chen,Yongchao Chen,Ying Cheng,"Yu Peng Guo, MBA, EMBA",Charles A. McIntyre,"Si Guang Peng, EMBA",Benjamin Vedrenne-Cloquet,Zhiyi Xie,,,,,,,,6/28/2020,9/26/2020,3/25/2021,#N/A,12.09,#N/A,#N/A
Tiberius Acq,IGI,IGIC,10/10/2019,3/17/2020,550,316%,Financial,EEMEA,45.90%,$7.10 ,$0.70 ,24.4364,Wasef Salim Abdulrahman Al-Jabsheh,Wasef Salim Abdulrahman Al-Jabsheh,Waleed Jabsheh,Hatem Jabsheh,Pervez Ahmed Rizvi,David D. Anthony,"Michael T. Gray, MBA",Waleed Jabsheh,"David Elon King, MBA","Wanda Mwaura, CPA",Andrew J. Poole,,,,,,,,,,6/15/2020,9/13/2020,3/12/2021,18.02,6.57,#N/A,#N/A
DD3 Acquisition,Betterware,BWMX,8/5/2019,3/12/2020,367,659%,Consumer,LatAm,88.70%,$38.75 ,$11.50 ,2.9387,Luis Germán Campos Orozco,"Andrés Campos, MBA",#N/A,"Fabian Rivera, MBA","Diana Karina Jones Villalpando, MBA, CPA","Andrés Campos, MBA",Santiago Campos,"Federico Clariond Domene, MBA",Joaquin Gandara,Mauricio Morales,"Guillermo Ortiz Martínez, PhD","José de Jesús Valdez Simancas, MBA","Martín Máximo Werner Wainfeld, PhD",,,,,,,,6/10/2020,9/8/2020,3/7/2021,#N/A,9.2,#N/A,#N/A
ChaSerg Tech,Grid Dynamics,GDYN,11/13/2019,3/5/2020,407,185%,Technology,US/Canada,0.20%,$14.26 ,$5.00 ,47.2255,"Lloyd A. Carney, MBA",Leonard Livschitz,#N/A,Yury Gryzlov,"Anil Kumar Doradla, MBA",Eric A. Benhamou,Marina Levinson,Leonard Livschitz,"Michael Christopher Southworth, CPA","Wei Hang Wang, EMBA","Yueou Wang, MBA",Shuo Zhang,,,,,,,,,6/3/2020,9/1/2020,2/28/2021,#N/A,8.8,#N/A,#N/A
B. Riley Merger,Alta,ALTG,12/12/2019,2/14/2020,540,376%,Industrial,US/Canada,7.30%,$13.81 ,$3.33 ,63.6126,"Ryan Greenawalt, MBA","Ryan Greenawalt, MBA",#N/A,Craig Brubaker,"Anthony J. Colucci, MBA, CPA",Zachary E. Savas,Daniel Shribman,Andrew P. Studdert,Katherine E. White,,,,,,,,,,,,5/14/2020,8/12/2020,2/8/2021,27.88,4.14,#N/A,#N/A
Boxwood Merger,Atlas Technical Consultants,ATCX,8/13/2019,2/14/2020,654,327%,Industrial,US/Canada,94.90%,$10.37 ,,44.9399,"Brian K. Ferraioli, MBA, CPA","L. Joe Boyer, EMBA",#N/A,Gary Cappa,"David D. Quinn, Sr., MBA","L. Joe Boyer, EMBA","Foster Duncan, MBA","Thomas H. Henley, MBA",Jeff Jenkins,"Stephen M. Kadenacy, MBA",Leonard K. Lemoine,Raquel G. Richmond,Daniel G. Weiss,,,,,,,,5/14/2020,8/12/2020,2/8/2021,#N/A,8.825,#N/A,#N/A
TKK Symphony,Glory Star,GSMG,,2/14/2020,529,212%,Consumer,Asia,99.90%,$3.79 ,$0.13 ,0.2605,"Bing Zhang, MBA","Bing Zhang, MBA",#N/A,#N/A,Perry Lu,Ke Chen,Ming Shu Leung,Yong Li,Jia Lu,,,,,,,,,,,,5/14/2020,8/12/2020,2/8/2021,#N/A,3.5573,#N/A,#N/A
Gores III,PAE,PAE,11/1/2019,2/10/2020,"1,550",388%,Industrial,US/Canada,0.00%,$8.14 ,$2.24 ,59.6048,Marshall Andrew Heinberg,"Charles D. Peiffer, MBA","Charles D. Peiffer, MBA",#N/A,"Charles D. Peiffer, MBA",Paul T. Bader,John P. Hendrickson,"Charles D. Peiffer, MBA",Louis Samson,,,,,,,,,,,,5/10/2020,8/8/2020,2/4/2021,11.15,9.46,#N/A,#N/A
GS Acquisition,Vertiv,VRT,12/10/2019,2/7/2020,"5,318",771%,Industrial,US/Canada,0.00%,$21.60 ,,67.4609,David M. Cote,"Robert J. Johnson, PhD",#N/A,"Jason M. Forcier, MBA","David J. Fallon, MBA, CPA","Roger B. Fradin, MBA","Robert J. Johnson, PhD",Jacob Kotzubei,"Matthew Louie, MBA",Edward L. Monser,"Steven S. Reinemund, MBA",Jan van Dokkum,"Robin L. Washington, MBA, CPA",,,,,,,,5/7/2020,8/5/2020,2/1/2021,#N/A,10.87,#N/A,#N/A
Mosaic Acq,Vivint,VVNT,9/16/2019,1/17/2020,"4,197",1217%,Consumer,US/Canada,90.10%,$13.61 ,,8.7004,David F. D'Alessandro,Todd R. Pedersen,#N/A,Brady Southwick,"Dale R Gerard, MBA",Paul S. Galant,"Bruce McEvoy, MBA","Jay D. Pauley, MBA",Todd R. Pedersen,"Joseph S. Tibbetts, Jr.",Peter F. Wallace,,,,,,,,,,4/16/2020,7/15/2020,1/11/2021,#N/A,10.13,#N/A,#N/A
Pivotal Acq,KLDiscovery,KLDI,5/20/2019,12/20/2019,799,347%,Technology,US/Canada,98.40%,$8.50 ,$0.32 ,14.7688,"Donna S. Morea, MBA",Christopher John Weiler,#N/A,Robert P. Hunter,Dawn M. Wilson,Ian I. Fujiyama,Kevin F. Griffin,"Jonathan J. Ledecky, MBA",Evan B. Morgan,"Lawrence B. Prior, III","Arjun Shah, MBA",Lauren Tanenbaum,Christopher John Weiler,"Richard J. Williams, MBA",,,,,,,3/19/2020,6/17/2020,12/14/2020,#N/A,7,#N/A,#N/A
Twelve Seas,Brooge,BROG,,12/20/2019,"1,049",507%,Energy,EEMEA,82.10%,$10.03 ,$0.61 ,3.3258,"Yousef Mahmoud Mohammad Al Assaf, PhD",Nicolaas Lammert Paardenkooper,#N/A,#N/A,"Masood Ali, MBA",Abu Bakar Siddique Ali Chowdhury,Bryant B. Edwards,"Simon Madgwick, PhD",Nicolaas Lammert Paardenkooper,Lina S. Saheb,Saleh Mohamed Yammout,,,,,,,,,,3/19/2020,6/17/2020,12/14/2020,#N/A,8.82,#N/A,#N/A
New Frontier,United Family Healthcare,NFH,7/30/2019,12/19/2019,"1,440",501%,Healthcare,Asia,42.60%,$11.24 ,$2.91 ,20.9723,#SPILL!,"Roberta Lipson, MBA",Carl Wu,David Zeng,"Walter Xue, MBA",Kee Loong Chia,Shan Fu,"Che-Hung Leong, MD","Roberta Lipson, MBA",Si Hang Ma,Carl Wu,David Zeng,,,,,,,,,3/18/2020,6/16/2020,12/13/2020,#N/A,7.5,#N/A,#N/A
Health Sciences,Immunovant,IMVT,10/2/2019,12/18/2019,555,483%,Healthcare,US/Canada,0%,$15.36 ,,41.2066,"Frank M. Torti, MD, MBA","Peter Salzmann, MD, MBA",#N/A,"Sandeep C. Kulkarni, MD","Pamela Yanchik Connealy, MBA","Andrew J. Fromkin, CPA","Doug Hughes, MBA","George V. Migausky, MBA","Atul C. Pande, MD","Peter Salzmann, MD, MBA","Eric Venker, MD, PhD",,,,,,,,,,3/17/2020,6/15/2020,12/12/2020,#N/A,10.69,#N/A,#N/A
Regalwood,N/A,,N/A,12/16/2019,,,,,100.00%,,,#N/A,#N/A,#N/A,#N/A,#N/A,#N/A,#N/A,,,,,,,,,,,,,,,3/15/2020,6/13/2020,12/10/2020,#N/A,#N/A,#N/A,#N/A
GigCapital,Kaleyra,KLR,2/26/2019,11/25/2019,192,134%,Technology,Europe,73.10%,$14.20 ,$4.17 ,29.3699,"Avishay S. Katz, PhD",Dario Leopoldo Calogero,Dario Leopoldo Calogero,#N/A,Giacomo Dall’Aglio,Dario Leopoldo Calogero,"Emilio Hirsch, PhD",Matteo Lodrini,John J. Mikulsky,"Neil J. Miotto, CPA",,,,,,,,,,,2/23/2020,5/23/2020,11/19/2020,#N/A,8.14,#N/A,#N/A
TPG Pace Holdings,Accel Entertainment,ACEL,6/13/2019,11/20/2019,884,196%,Media & Entertainment,US/Canada,58.20%,$11.39 ,,45.9501,Karl Ivar Peterson,Andrew H. Rubenstein,Andrew H. Rubenstein,#N/A,"Brian Carroll, MBA, CPA","Eden Godsoe, MBA",Kathleen Philips,Dee M. Robinson,"Kenneth B. Rotman, MBA",Andrew H. Rubenstein,Gordon Rubenstein,David W. Ruttenberg,,,,,,,,,2/18/2020,5/18/2020,11/14/2020,#N/A,13.01,#N/A,#N/A
Trinity Merger,Broadmark,BRMK,8/12/2019,11/14/2019,"1,162",330%,Real Estate,US/Canada,22.90%,$10.75 ,$0.21 ,54.0833,"Joseph Louis Schocken, MBA",Jeffrey B. Pyatt,Jeffrey B. Pyatt,"Linda Koa, MBA",David Schneider,Stephen G. Haggerty,Daniel J. Hirsch,"David A. Karp, MBA","Norma J. Lawrence, MBA, CPA",Kevin M. Luebbers,Jeffrey B. Pyatt,,,,,,,,,,2/12/2020,5/12/2020,11/8/2020,#N/A,12.63,#N/A,#N/A
DFB Healthcare,AdaptHealth,AHCO,7/8/2019,11/8/2019,"1,041",416%,Healthcare,US/Canada,83.40%,$31.38 ,,28.697,Richard A. Barasch,#SPILL!,Joshua Parnes,Shaw Rietkerk,"Jason A. Clemens, CFA, MBA",Terence J. Connors,Brad J. Coppens,Stephen P. Griggs,Ted B. Lundberg,Luke McGee,Joshua Parnes,"Alan Grant Quasha, MBA, LLD","Susan T. Weaver, MD","David S. Williams, III, MBA",Dale B. Wolf,,,,,,2/6/2020,5/6/2020,11/2/2020,#N/A,15.95,#N/A,#N/A
Sentinel Energy,N/A,,N/A,11/7/2019,,,,,100.00%,,,#N/A,#N/A,#N/A,#N/A,#N/A,#N/A,#N/A,,,,,,,,,,,,,,,2/5/2020,5/5/2020,11/1/2020,#N/A,#N/A,#N/A,#N/A
Chardan Healthcare,BioMx,PHGE,7/16/2019,10/28/2019,253,363%,Healthcare,EEMEA,14.10%,$6.27 ,,17.8156,"Russell G. Greig, PhD","Jonathan Eithan Solomon, MBA",#N/A,"Marina Wolfson, MBA","Marina Wolfson, MBA","Gbola Amusa, MD, CFA","Jonas Sven Magnus Grossman, MBA","Alan C. Moses, MD",Paul Jai Sekhri,"Jonathan Eithan Solomon, MBA","Lynne Sullivan, CPA",,,,,,,,,,1/26/2020,4/25/2020,10/22/2020,#N/A,9,#N/A,#N/A
Social Capital,Virgin Galactic,SPCE,7/9/2019,10/25/2019,"1,502",218%,Travel & Hospitality,US/Canada,23.00%,$27.00 ,,28.693,Chamath Palihapitiya,"Michael Colglazier, MBA","Michael Colglazier, MBA",#N/A,"Douglas T. Ahrens, MBA, CPA","Wanda M. Austin, PhD",Adam Bain,"Michael Colglazier, MBA","Craig Stuart Kreeger, MBA",Evan M. Lovell,"George N. Mattson, MBA","Wayne Gilbert West, MBA",,,,,,,,,1/23/2020,4/22/2020,10/19/2020,#N/A,19.12,#N/A,#N/A
Greenland Acq,Zhongchai Holding,GTEC,,10/24/2019,101,230%,Industrial,Asia,86.20%,$9.77 ,$1.50 ,0.9982,"Peter Zuguang Wang, MBA",Zu Guang Wang,Zu Guang Wang,#N/A,Jing Jin,"Charles Athle Nelson, MBA",Frank Shen,"Everett Xiaolin Wang, PhD","Ming Zhao, PhD, CPA",,,,,,,,,,,,1/22/2020,4/21/2020,10/18/2020,#N/A,4.1,#N/A,#N/A
Modern Media,Akazoo,SONG,1/24/2019,9/11/2019,469,224%,Media & Entertainment,Europe,93.40%,,,#N/A,"Lewis W. Dickey, Jr., MBA",Michael Knott,#N/A,#N/A,"Pierre Schreuder, CFA","Panagiotis Dimitropoulos, MBA",Maja Lapcevic,Asit Mehra,Colin J. G. Miles,Athan Stephanopoulos,,,,,,,,,,,12/10/2019,3/9/2020,9/5/2020,#N/A,5.74,#N/A,#N/A
Constellation Alpha,DermTech,DMTK,5/29/2019,8/29/2019,61,42%,Healthcare,US/Canada,96.70%,$43.39 ,$6.93 ,41.8907,Matthew L. Posard,"John D. Dobak, MD","John D. Dobak, MD",Claudia Ibarra,"Kevin Sun, MBA","Cynthia L. Collins, MBA","John D. Dobak, MD",Gary E. Jacobs,"Scott R. Pancoast, MBA",Enrico Picozza,"Herm Rosenman, MBA",,,,,,,,,,11/27/2019,2/25/2020,8/23/2020,#N/A,8.02,#N/A,#N/A
Black Ridge Acq,Allied Esports,AESE,12/19/2018,8/9/2019,213,154%,Media & Entertainment,US/Canada,88.90%,$2.53 ,$0.25 ,2.8757,Lyle Arnold Berman,Kwok Leung Ng,Adam J. Pliska,David Moon,"Anthony A. Hung, MBA",Bradley Berman,"Yinghua Chen, EMBA",Ho Min Kim,Tae Hyung Kim,Joe Lahti,Yang Yang Li,Kwok Leung Ng,Benjamin S. Oehler,Adam J. Pliska,Maya Rogers,,,,,,11/7/2019,2/5/2020,8/3/2020,#N/A,4.19,#N/A,#N/A
Capitol IV,Nesco,CTOS,4/8/2019,7/31/2019,"1,086",270%,Industrial,US/Canada,64.80%,$9.44 ,,6.2208,Marshall Andrew Heinberg,Fred Ross,"Ryan McMonagle, MBA","Ryan McMonagle, MBA",Bradley Meader,Paul T. Bader,Rahman D'Argenio,"Mark D. Ein, MBA","David Glatt, MBA","Bryan L. Kelln, MBA","John-Paul R. Munfa, MBA","Georgia R. Nelson, MBA",Fred Ross,Louis Samson,David Wolf,,,,,,10/29/2019,1/27/2020,7/25/2020,#N/A,4.95,#N/A,#N/A
Thunder Bridge,Repay,RPAY,1/22/2019,7/11/2019,580,223%,Financial,US/Canada,27.20%,$23.43 ,,89.5958,Peter J. Kight,"John Morris, MBA, CPA",Shaler V. Alias,"Michael F. Jackson, MBA","Timothy Murphy, MBA",Shaler V. Alias,Paul R. Garcia,Maryann B. Goebel,"Robert H. Hartheimer, MBA",William I. Jacobs,"John Morris, MBA, CPA",Jeremy S. Schein,"Richard Edward Thornburgh, MBA",,,,,,,,10/9/2019,1/7/2020,7/5/2020,#N/A,13.3,#N/A,#N/A
Jensyn Acq,Peck Electric ,ISUN,2/27/2019,6/19/2019,53,132%,Industrial,US/Canada,98.50%,$12.75 ,$0.61 ,20.8855,Jeffery Peck,Jeffery Peck,Jeffery Peck,Fredrick Myrick,John Sullivan,"Daniel Dus, MBA",Stewart Martin,Claudia Michel Meer,Fredrick Myrick,,,,,,,,,,,,9/17/2019,12/16/2019,6/13/2020,#N/A,5.33,#N/A,#N/A
MTech Acq,Akerna,KERN,10/11/2018,6/17/2019,81,142%,Cannabis,US/Canada,77.40%,$4.51 ,$1.05 ,22.3331,Jessica Billingsley,Jessica Billingsley,#N/A,Ray Thompson,"John Michael Fowle, Jr., MBA","Mark D. Iwanowski, MBA","Matthew R. Kane, MBA","Tahira Rehmatullah, MBA",Scott Sozio,,,,,,,,,,,,9/15/2019,12/14/2019,6/11/2020,#N/A,8.52,#N/A,#N/A
One Madison,Ranpak,PACK,12/13/2018,6/3/2019,"1,003",334%,Consumer,US/Canada,51.40%,$19.48 ,,90.0807,"Omar Marwan Asali, MBA, CPA","Omar Marwan Asali, MBA, CPA",#N/A,#N/A,William E. Drew,Thomas F. Corley,Pamela El,"Michael S. Gliedman, MBA",Michael A. Jones,Robert Charles King,Stephen A. Kovach,Salil Seshadri,"Alicia M. Tranen, MBA","Kurt Zumwalt, MBA",,,,,,,9/1/2019,11/30/2019,5/28/2020,#N/A,5.6,#N/A,#N/A
Bison Capital,Xynomic,XYNO,9/13/2018,5/14/2019,391,632%,Healthcare,Asia,99.80%,$2.08 ,$0.07 ,#N/A,"Yinglin Mark Xu, MBA","Yinglin Mark Xu, MBA","Yinglin Mark Xu, MBA","Wentao Wu, PhD, MBA","Jin Wei Kou, CPA",Yong Cui,"Thomas Folinsbee, CFA",Adam Inglis,"Charles Vincent Prizzi, MBA",Tingzhi Qian,"Jia Yuan Tong, MD, PhD","Pei Dong Wu, MBA",,,,,,,,,8/12/2019,11/10/2019,5/8/2020,#N/A,4.09,#N/A,#N/A
Churchill Capital,Clarivate,CLVT,1/14/2019,5/13/2019,"4,200",609%,Technology,US/Canada,0.00%,$26.06 ,,44.5888,Jerre Lee Stead,Jerre Lee Stead,#N/A,Mike Morhardt,Richard Hanks,"Jane L. Okun Bomba, MBA, CPA",Usama N. Cortas,"Kosty Gilis, MBA","Balakrishnan S. Iyer, MBA","Adam T. Levyn, MBA","Nicholas Macksey, CFA",Anthony Munk,"Charles J. Neral, MBA","Richard W. Roedel, CPA",Sheryl G. von Blucher,,,,,,8/11/2019,11/9/2019,5/7/2020,#N/A,17.1,#N/A,#N/A
CM Seven Star,Kaixin Auto Group,KXIN,11/6/2018,4/30/2019,454,220%,Automotive,Asia,98.90%,$2.57 ,$0.13 ,1.3159,"Yi Zhou Chen, MBA",Mingjun Lin,#N/A,#N/A,"Yang Yi, CPA",Lin Cong,James Jian Liu,,,,,,,,,,,,,,7/29/2019,10/27/2019,4/24/2020,#N/A,1.4874,#N/A,#N/A
Vantage Energy,N/A,,N/A,4/17/2019,,,,,100.00%,,,#N/A,#N/A,#N/A,#N/A,#N/A,#N/A,#N/A,,,,,,,,,,,,,,,7/16/2019,10/14/2019,4/11/2020,#N/A,#N/A,#N/A,#N/A
Saban Capital,N/A,,N/A,3/31/2019,,,,,100.00%,,,#N/A,#N/A,#N/A,#N/A,#N/A,#N/A,#N/A,,,,,,,,,,,,,,,6/29/2019,9/27/2019,3/25/2020,#N/A,#N/A,#N/A,#N/A
Hunter Maritime,NCF Wealth Holdings,HUNTF,10/5/2018,3/21/2019,"2,000",1318%,Financial,Asia,98.40%,$0.16 ,$0.02 ,#N/A,#N/A,"Jia Sheng, EMBA","Huanxiang Li, EMBA",Xin Li,"Li Wei, MBA","X Li David, PhD","Huanxiang Li, EMBA","Jia Sheng, EMBA","Tao Yang, PhD",,,,,,,,,,,,6/19/2019,9/17/2019,3/15/2020,#N/A,5.18,#N/A,#N/A
Haymaker Acq,OneSpaWorld,OSW,11/1/2018,3/19/2019,850,258%,Consumer,Europe,3.90%,$11.08 ,$3.80 ,96.5772,"Leonard I. Fluxman, CPA","Leonard I. Fluxman, CPA",#N/A,Stephen B. Lazarus,Stephen B. Lazarus,"Maryam Banikarim, MBA",Glenn J. Fusfield,"Adam Hasiba, MBA","Andrew R. Heyer, MBA","Steven J. Heyer, MBA","Marc Magliacano, MBA",Walter F McLallen,"Stephen W. Powell, MBA","Jeffrey E. Stiefler, MBA",,,,,,,6/17/2019,9/15/2019,3/13/2020,#N/A,14.23,#N/A,#N/A
Platinum Eagle,Target Hospitality,TH,11/13/2018,3/15/2019,"1,397",430%,Travel & Hospitality,US/Canada,55.90%,$3.32 ,$0.35 ,19.5155,Stephen James Robertson,James Brad Archer,James Brad Archer,Travis Kelley,"Eric T. Kalamaras, MBA",James Brad Archer,Eli Baker,Joy A. Berry,"Marty Jimmerson, Jr., CPA",Gary Lindsay,"Jeffrey Franklin Sagansky, MBA",Andrew P. Studdert,,,,,,,,,6/13/2019,9/11/2019,3/9/2020,#N/A,9.78,#N/A,#N/A
Union Acq,Bioceres,BIOX,11/9/2018,3/14/2019,456,393%,Food,LatAm,98.90%,$12.37 ,$3.45 ,0.8269,#N/A,"Federico Trucco, PhD",#N/A,"Jorge Wagner, MBA, CPA",Enrique Lopez Lecube,Kyle P. Bransfield,Carlos Ivan Camargo de Colón,Gloria Montaron Estrada,Ari Solomon Freisinger,Enrique Lopez Lecube,"Federico Trucco, PhD",Natalia Zang,,,,,,,,,6/12/2019,9/10/2019,3/8/2020,#N/A,4.28,#N/A,#N/A
GTY Technology,GovTech ,GTYH,9/12/2018,2/19/2019,560,101%,Technology,US/Canada,81.70%,$6.21 ,$0.70 ,41.7498,"William D. Green, MBA",T. J. Parass,T. J. Parass,David Farrell,"John J. Curran, MBA",Randy Cowen,T. J. Parass,Joseph M. Tucci,Charles E. Wert,"Harry L. You, MBA",,,,,,,,,,,5/20/2019,8/18/2019,2/14/2020,#N/A,9.37,#N/A,#N/A
Federal Street,Agiliti,AGLY,8/13/2018,1/4/2019,"1,740",378%,Healthcare,US/Canada,99.30%,$10.51 ,,#N/A,"John L. Workman, MBA, CPA","Thomas J. Leonard, MBA",Thomas W. Boehning,#N/A,"James B. Pekarek, MBA, CPA","Michael A. Bell, MBA, CPA","Darren M. Friedman, MBA","Gary L. Gottlieb, MD, MBA","Thomas J. Leonard, MBA","Joshua M. Nelson, MBA","Megan M. Preiner, MBA","Scott M. Sperling, MBA",,,,,,,,,4/4/2019,7/3/2019,12/30/2019,#N/A,#N/A,#N/A,#N/A
Stellar III,Phunware,PHUN,2/28/2018,12/26/2018,333,474%,Technology,US/Canada,99.40%,$1.72 ,$0.37 ,8.5566,Blythe S. J. Masters,"Alan S. Knitowski, MBA","Alan S. Knitowski, MBA","Randall Crowder, MBA","Matt Aune, MBA",Keith O. Cowan,"Randall Crowder, MBA","Alan S. Knitowski, MBA","Eric Manlunas, MBA",Lori Tauber Marcus,"Kathy Tan Mayor, MBA","George Syllantavos, MBA",,,,,,,,,3/26/2019,6/24/2019,12/21/2019,#N/A,34.9,#N/A,#N/A
Draper Oakwood,Reebonz,RBZHF,9/4/2018,12/19/2018,252,438%,Consumer,Asia,75.70%,$0.07 ,$0.01 ,0.0301,Kok Eng Lim,Kok Eng Lim,#N/A,Cassie Mah,Nupur Sadiwala,Roderick William Perry,Jeff Richards,,,,,,,,,,,,,,3/19/2019,6/17/2019,12/14/2019,#N/A,7.03,#N/A,#N/A
Avista Healthcare,Organogenesis,ORGO,8/17/2018,12/11/2018,673,217%,Healthcare,US/Canada,100.00%,$21.17 ,,16.8082,Alan A. Ades,"Gary S. Gillheeney, Sr., MBA","Gary S. Gillheeney, Sr., MBA","Patrick R. Bilbo, MBA","David Charles Francisco, MBA","Robert Adès, MBA",David Erani,"Gary S. Gillheeney, Sr., MBA","Arthur S. Leibowitz, CPA","Wayne D. Mackie, CPA",Glenn H. Nussdorf,"Joshua A. Tamaroff, MBA",,,,,,,,,3/11/2019,6/9/2019,12/6/2019,#N/A,10.19,#N/A,#N/A
Industrea Acq,CPH,BBCP,9/7/2018,12/6/2018,695,297%,Industrial,US/Canada,97.10%,$7.18 ,$1.10 ,25.7107,"David A. B. Brown, MBA, CPA",Bruce Franklin Young,#N/A,#N/A,Iain Humphries,Ray Cheesman,"Heather L. Faust, MBA",David Graham Hall,Brian Hodges,"Matthew M. Homme, MBA",Iain Humphries,"Howard D. Morgan, MBA","Tariq Abdalla Mohamed Osman, MBA","John M. Piecuch, MBA","M. Brent Stevens, MBA, CPA",Bruce Franklin Young,,,,,3/6/2019,6/4/2019,12/1/2019,#N/A,7.99,#N/A,#N/A
I-AM Capital,SMAAASH,WINR,5/8/2018,11/21/2018,264,501%,Media & Entertainment,US/Canada,85.50%,$12.14 ,$0.36 ,2.6818,Jed P. Kaplan,"Roman Nehemiah Franklin, MBA","Roman Nehemiah Franklin, MBA","Roman Nehemiah Franklin, MBA","Knicks Lau, CPA","Donald Richard Caldwell, MBA, CPA","Roman Nehemiah Franklin, MBA","William H. Herrmann, Jr., MBA","Max W. Hooper, PhD, MBA",Ed Jaroski,Frank Leavy,,,,,,,,,,2/19/2019,5/20/2019,11/16/2019,#N/A,11.76,#N/A,#N/A
Landcadia I,Waitr,WTRH,6/29/2020,11/15/2018,388,155%,Technology,US/Canada,6.90%,$2.80 ,,46.7334,Carl A. Grimstad,Carl A. Grimstad,#N/A,#N/A,"Leonid Bogdanov, CPA",Tilman Joseph Fertitta,Jonathan Jacob Green,Rusty R. Holzer,Christopher Meaux,"Buddy Horner Ortale, MBA","Pouyan Salehi, MBA",Steven L. Scheinthal,"William Gray Stream, MBA",,,,,,,,2/13/2019,5/14/2019,11/10/2019,#N/A,12.11,#N/A,#N/A
Kayne Anderson,Altus Midstream,ALTM,8/8/2018,11/9/2018,"2,624",695%,Energy,US/Canada,78.10%,$54.07 ,$0.06 ,34.8971,"Jon William Sauer, CPA","David Clay Bretches, MBA","David Clay Bretches, MBA",Bryan Graham,"Ben C. Rodgers, MBA",Mark A. Borer,"David Clay Bretches, MBA",Staci L. Burns,Joe C. Frana,David Mark Leland,"Kevin S. McCarthy, MBA",Christopher J. Monk,Stephen P. Noe,Robert S. Purgason,"Ben C. Rodgers, MBA",,,,,,2/7/2019,5/8/2019,11/4/2019,#N/A,162.8,#N/A,#N/A
Matlin & Partners,U.S. Well Services,USWS,7/16/2018,11/9/2018,588,181%,Energy,US/Canada,88.80%,$0.88 ,$0.17 ,26.7127,David L. Treadwell,Joel N. Broussard,Joel N. Broussard,#N/A,Kyle P. O'Neill,Joel N. Broussard,"Richard Alan Burnett, CPA",Ryan Carroll,Steve Saad Habachy,"Adam J. Klein, MBA",David Jeffrey Matlin,Eddie Mike Watson,,,,,,,,,2/7/2019,5/8/2019,11/4/2019,#N/A,7.96,#N/A,#N/A
Easterly Acq,Sirius,SG,6/25/2018,11/5/2018,"2,200",1100%,Financial,US/Canada,81.30%,,$0.40 ,#N/A,#N/A,#N/A,#N/A,Monica M. Cramér-Manhem,#N/A,#N/A,,,,,,,,,,,,,,,2/3/2019,5/4/2019,10/31/2019,#N/A,13.55,#N/A,#N/A
Barington/Hilco,N/A,,N/A,11/1/2018,,,,,100.00%,,,#N/A,#N/A,#N/A,#N/A,#N/A,#N/A,#N/A,,,,,,,,,,,,,,,1/30/2019,4/30/2019,10/27/2019,#N/A,#N/A,#N/A,#N/A
Hennessy III,NRC Group,NRCG,9/21/2018,10/17/2018,748,289%,Industrial,Europe,81.60%,,,#N/A,#N/A,#N/A,#N/A,#N/A,#N/A,#N/A,,,,,,,,,,,,,,,1/15/2019,4/15/2019,10/12/2019,#N/A,8.9,#N/A,#N/A
Gores II,Verra Mobility,VRRM,6/21/2018,10/17/2018,"2,404",601%,Technology,US/Canada,0.80%,$13.91 ,$4.79 ,81.5533,Jacob Kotzubei,"David Martin Roberts, MBA","David Martin Roberts, MBA",#N/A,Patricia D. Chiodo,Patrick J. Byrne,"Douglas L. Davis, MBA","Bryan L. Kelln, MBA","John H. Rexford, MBA","David Martin Roberts, MBA","Cynthia Ann Russo, CPA",,,,,,,,,,1/15/2019,4/15/2019,10/12/2019,#N/A,9.36,#N/A,#N/A
Osprey Energy,Falcon Minerals,FLMN,6/4/2018,8/23/2018,894,325%,Energy,US/Canada,88.70%,$4.48 ,$0.25 ,64.8438,"Claire R. Harvey, MBA",Daniel C. Herz,Daniel C. Herz,Michael J. Downs,"Bryan C. Gunderson, MBA",William D. Anderson,Jonathan R. Hamilton,Alan J. Hirshberg,Adam M. Jenkins,Steven R. Jones,"Eric Liaw, MBA",,,,,,,,,,11/21/2018,2/19/2019,8/18/2019,#N/A,8,#N/A,#N/A
Atlantic Acq,HF Group,HFFG,3/28/2018,8/22/2018,231,513%,Food,US/Canada,85.00%,$6.97 ,,14.4039,Russell Thomas Libby,Xiao Mou Zhang,#N/A,#N/A,Kong Hian Lee,"Xi Lin, MBA","Hong Wang, PhD",Xiao Mou Zhang,,,,,,,,,,,,,11/20/2018,2/18/2019,8/17/2019,#N/A,12.205,#N/A,#N/A
Origo Acq,N/A,,N/A,8/15/2018,,,,,100.00%,,,#N/A,#N/A,#N/A,#N/A,#N/A,#N/A,#N/A,,,,,,,,,,,,,,,11/13/2018,2/11/2019,8/10/2019,#N/A,#N/A,#N/A,#N/A
TPG Pace Energy,EnerVest,MGY,3/20/2018,7/31/2018,"2,793",430%,Energy,US/Canada,0.00%,$11.14 ,,79.6246,"Stephen I. Chazen, PhD","Stephen I. Chazen, PhD","Stephen I. Chazen, PhD",Steve F. Millican,"Christopher G. Stavros, MBA",Arcilia C. Acosta,Angela M. Busch,"Edward P. Djerejian, PhD","James R. Larson, CPA",Dan F. Smith,"John B. Walker, MBA",,,,,,,,,,10/29/2018,1/27/2019,7/26/2019,#N/A,12.54,#N/A,#N/A
FinTech II,Intermex,IMXI,12/19/2017,7/26/2018,364,208%,Financial,US/Canada,28.20%,$14.75 ,,79.4003,Robert Lisy,Robert Lisy,Robert Lisy,Joseph Aguilar,Andras Q. Bende,"Adam P. Godfrey, MBA",Kurt E. Holstein,"Christopher B. Lofgren, PhD","Laura I Maydón, MBA","Michael J. Purcell, MBA, CPA",John B. Rincon,"Justin B. Wender, MBA",,,,,,,,,10/24/2018,1/22/2019,7/21/2019,#N/A,11.85,#N/A,#N/A
M I Acquisitions,Priority,PRTH,2/27/2018,7/25/2018,"1,000",1828%,Technology,US/Canada,7.20%,$7.07 ,$0.82 ,5.8414,"Thomas C. Priore, MBA","Thomas C. Priore, MBA","Thomas C. Priore, MBA",Anthony Bonventre,"Michael T. Vollkommer, CPA","Marietta C. Davis, MBA","Christina M. Favilla, MBA",Stephen W. Hipp,"Michael K. Passilla, MBA",John V. Priore,,,,,,,,,,,10/23/2018,1/21/2019,7/20/2019,#N/A,10.6,#N/A,#N/A
Electrum,N/A,,N/A,6/5/2018,,,,,100.00%,,,#N/A,#N/A,#N/A,#N/A,#N/A,#N/A,#N/A,,,,,,,,,,,,,,,9/3/2018,12/2/2018,5/31/2019,#N/A,#N/A,#N/A,#N/A
NESR,NPS,NESR,11/13/2017,5/18/2018,"1,082",472%,Energy,EEMEA,8.40%,$12.88 ,$2.50 ,30.4961,Sherif Foda,Sherif Foda,#N/A,Salih Merghani,"Christopher L. Boone, MBA",Ahmed Khalifa M. Obaid Al-Mehairi,Nadhmi Al-Nasr,Yousef Mohamad Ali Nasser Al-Nowais,Antonio Jose Campo Mejia,"Andrew Lyndon Waite, MBA",Thomas D. Wood,Hala Zeibak,,,,,,,,,8/16/2018,11/14/2018,5/13/2019,#N/A,11.19,#N/A,#N/A
M III Acq,IEA ,IEA,11/3/2017,3/26/2018,293,195%,Industrial,US/Canada,53.20%,$12.82 ,$2.25 ,52.5393,Derek W. Glanvill,John Paul Roehm,John Paul Roehm,Michael E. Stoecker,"Peter J. Moerbeek, MBA, CPA","John M. Eber, MBA",Charles Garner,Laurene Bielski Mahon,Terence Ray Montgomery,"Michael Della Rocca, MBA",John Paul Roehm,Matthew Underwood,,,,,,,,,6/24/2018,9/22/2018,3/21/2019,8.71,9.12,#N/A,#N/A
Andina II,Lazydays,LAZY,10/27/2017,3/15/2018,209,515%,Travel & Hospitality,US/Canada,74.10%,$20.66 ,$4.66 ,47.7775,"William P. Murnane, MBA","William P. Murnane, MBA",#N/A,Srinivas Kuchipudi,"Nicholas J. Tomashot, MBA","Jerry M. Comstock, Jr.",James J. Fredlake,Jordan Gnat,"Erika Serow, MBA",Chris Shackelton,,,,,,,,,,,6/13/2018,9/11/2018,3/10/2019,#N/A,8.5,#N/A,#N/A
Forum I,ConvergeOne,CVON,,2/22/2018,"1,200",689%,Technology,US/Canada,98.20%,,,#N/A,"John A. McKenna, Jr.","John A. McKenna, Jr.","John A. McKenna, Jr.",#N/A,#N/A,#N/A,,,,,,,,,,,,,,,5/23/2018,8/21/2018,2/17/2019,#N/A,9.08,#N/A,#N/A
Global Partner Acq,Purple Innovation,PRPL,11/3/2017,2/22/2018,485,313%,Consumer,US/Canada,80.10%,$33.83 ,,97.4188,Paul J. Zepf,"Joseph B. Megibow, MBA",#N/A,John A. Legg,"Craig L. Phillips, CPA",Pano T. Anthos,"Gary T. DiCamillo, MBA",Adam Louis Gray,Claudia Hollingsworth,Gary A. Kiedaisch,"Joseph B. Megibow, MBA","Dawn M. Zier, MBA",,,,,,,,,5/23/2018,8/21/2018,2/17/2019,#N/A,7.34,#N/A,#N/A
Silver Run II,Alta Mesa & Kingfisher Midstream,AMRQQ,8/16/2017,2/9/2018,"3,800",367%,Energy,US/Canada,0.00%,,,#N/A,"James T. Hackett, MBA","Mark P. Castiglione, MBA","John H. Campbell, Jr.","John H. Campbell, Jr.",#N/A,Don Dimitrievich,Sylvia J. Kerrigan,"Pierre Fernand Lapeyre, Jr., MBA","David Matthew Leuschen, MBA",William M. McMullen,Donald R. Sinclair,Diana J. Walters,,,,,,,,,5/10/2018,8/8/2018,2/4/2019,#N/A,7.39,#N/A,#N/A
JM Global,China Sunlong,CCNC,8/28/2017,2/6/2018,92,184%,Industrial,Asia,83.70%,$3.79 ,$0.15 ,5.9212,Wei Xu,#SPILL!,Wei Xu,Jianan Liang,"Yi Li, MBA",Mingyue Cai,Fei Gan,Bi Bo Lin,Chengwei Mo,Jin Wang,Zi Jing Xu,,,,,,,,,,5/7/2018,8/5/2018,2/1/2019,#N/A,4.075,#N/A,#N/A
Boulevard II,Estre Ambiental S.A,ESTR,8/16/2017,12/21/2017,"1,100",297%,Industrial,LatAm,96.70%,,,1.6611,"Gesner José de Oliveira Filho, PhD","Julio Cesar de Sá Volotão, EMBA",#N/A,#N/A,"Rogerio Wellausen, MBA",Paulo Gozzi,"Sérgio Messias Pedreiro, MBA",Ricardo Pelúcio,,,,,,,,,,,,,3/21/2018,6/19/2018,12/16/2018,#N/A,9.97,#N/A,#N/A
CF Corp,FGL,FG,5/24/2017,11/30/2017,"2,240",325%,Financial,US/Canada,0.00%,,,#N/A,#N/A,"Chris Blunt, MBA","Chris Blunt, MBA",Bonnie G. Wasgatt,"John T. Fleurant, CPA","Chris Blunt, MBA",Michael J. Nolan,Randy Quirk,,,,,,,,,,,,,2/28/2018,5/29/2018,11/25/2018,31.1,9.64,#N/A,#N/A
Double Eagle,Williams Scotsman,WSC,8/21/2017,11/29/2017,"1,100",220%,Industrial,US/Canada,42.80%,$28.74 ,,76.8615,Erik Olsson,Bradley L. Soultz,Kelly Williams,Kelly Williams,"Tim D. Boswell, MBA","Mark S. Bartlett, CPA",Sara R. Dial,Jeffrey S. Goble,"Gerard Edward Holthaus, CPA",Gary Lindsay,Kimberly J. McWaters,Stephen James Robertson,"Jeffrey Franklin Sagansky, MBA",Bradley L. Soultz,"Michael W. Upchurch, CPA",,,,,,2/27/2018,5/28/2018,11/24/2018,#N/A,11.95,#N/A,#N/A
Atlantic Alliance,N/A,,N/A,11/3/2017,,,,,100.00%,,,#N/A,#N/A,#N/A,#N/A,#N/A,#N/A,#N/A,,,,,,,,,,,,,,,2/1/2018,5/2/2018,10/29/2018,#N/A,#N/A,#N/A,#N/A
GP Investments,Rimini Street,RMNI,5/16/2017,10/10/2017,838,486%,Technology,US/Canada,91.80%,$8.62 ,$1.10 ,20.4118,Seth A. Ravin,Seth A. Ravin,Sebastian Grady,Gerard Brossard,"Michael L. Perica, MBA",Jack L. Acosta,Thomas M. Ashburn,Antônio Carlos Augusto Ribeiro Bonchristiano,"Steven M. Capelli, MBA","Robin Murray, MBA",Jay Snyder,Margaret L. Taylor,,,,,,,,,1/8/2018,4/8/2018,10/5/2018,#N/A,7.59,#N/A,#N/A
Axar Acq,N/A,,N/A,10/2/2017,,,,,100.00%,,,#N/A,#N/A,#N/A,#N/A,#N/A,#N/A,#N/A,,,,,,,,,,,,,,,12/31/2017,3/31/2018,9/27/2018,#N/A,#N/A,#N/A,#N/A
Pacific Special,Borqs,BRQS,12/27/2016,8/18/2017,303,507%,Technology,Asia,78.20%,$1.21 ,$0.10 ,1.5446,Sek Yuen Chan,Sek Yuen Chan,Sek Yuen Chan,#N/A,"Kaik Wong Chan, MBA","Wan Yu Chow, PhD",Yaqi Feng,"Heung Sang Fong, MBA, CPA",Ji Li,Shizhu Long,"Ze Xian Shen, CPA","Ye Tao, PhD",,,,,,,,,11/16/2017,2/14/2018,8/13/2018,#N/A,4.7,#N/A,#N/A
Harmony Merger,NextDecade,NEXT,4/18/2017,7/24/2017,"1,010",879%,Technology,US/Canada,72.60%,$2.21 ,$0.03 ,83.632,Matthew K. Schatzman,Matthew K. Schatzman,Matthew K. Schatzman,#N/A,"Brent E. Wahl, MBA",Khalifa Abdulla Khamis Al-Romaithi,"Brian Belke, CFA, MBA",Frank Joseph Chapman,Taewon Jun,Avinash Kripalani,Thanasi Skafidas,"Bill Vrattos, MBA","Louis Spencer Wells, MBA",,,,,,,,10/22/2017,1/20/2018,7/19/2018,#N/A,10.07,#N/A,#N/A
Quinpario II,SourceHOV and Novitex,XELA,2/22/2017,7/12/2017,"2,700",771%,Technology,US/Canada,90.10%,$2.04 ,$0.07 ,14.0942,Parvinder S. Chadha,Ronald C. Cogburn,"Suresh Yannamani, MBA",#N/A,"Shrikant Sortur, CPA",Martin P. Akins,Marc A. Beilinson,J. Coley Clark,Ronald C. Cogburn,"John H. Rexford, MBA","James Gregory Reynolds, CPA","William L. Transier, MBA, CPA",,,,,,,,,10/10/2017,1/8/2018,7/7/2018,#N/A,14.16,#N/A,#N/A
Conyers Park,Atkins,SMPL,9/8/2020,7/7/2017,856,213%,Food,US/Canada,0.00%,$32.22 ,,98.8889,"James Marshall Kilts, MBA",Joseph E. Scalzo,Joseph E. Scalzo,David Wallis,"Todd E. Cunfer, MBA","Clayton C. Daley, Jr., MBA","Nomi P. Ghez, PhD",Michelle P. Goolsby,"James Edward Healey, CPA",Robert G. Montgomery,"Brian K. Ratzan, MBA",David W. Ritterbush,Joseph E. Scalzo,"Joseph J. Schena, MBA",David J. West,"James D. White, MBA",,,,,10/5/2017,1/3/2018,7/2/2018,#N/A,12.08,#N/A,#N/A
Capitol III,Cision,CISN,3/20/2017,6/30/2017,"2,400",738%,Technology,US/Canada,1.50%,,,#N/A,#N/A,Abel Clark,#N/A,Nicole Guillot,#N/A,"Mary Ann Sigler, CPA",,,,,,,,,,,,,,,9/28/2017,12/27/2017,6/25/2018,#N/A,12.95,#N/A,#N/A
KLR Energy,Rosehill,ROSE,12/20/2016,4/27/2017,438,515%,Energy,US/Canada,70.90%,,,#N/A,#N/A,John Bradley Fisher,John Bradley Fisher,#N/A,#N/A,"Brian K. Ayers, MBA","Francis A. Contino, CPA",Paul J. Ebner,Edward Kovalik,"William E. Mayer, MBA","Harry F. Quarls, MBA","Frank B. Rosenberg, MBA",,,,,,,,,7/26/2017,10/24/2017,4/22/2018,#N/A,7.9,#N/A,#N/A
Pace Holdings,Playa,PLYA,12/13/2016,3/13/2017,"1,750",389%,Travel & Hospitality,LatAm,8.70%,$7.37 ,,55.4244,"Bruce D. Wardinski, MBA","Bruce D. Wardinski, MBA","Bruce D. Wardinski, MBA",Greg Maliassas,"Ryan Hymel, MBA","H. Charles Floyd, MBA",Rocky B. Fried,"Hal Stanley Jones, MBA, CPA",Mahmood Jaffer Khimji,Elizabeth Lieberman,"Maria M. Miller, MBA",Leticia Navarro,Karl Ivar Peterson,,,,,,,,6/11/2017,9/9/2017,3/8/2018,#N/A,10.08,#N/A,#N/A
Hennessy II,Daseke,DSKE,,2/27/2017,702,352%,Industrial,US/Canada,58.20%,$8.27 ,$0.30 ,30.855,"Brian Bonner, MBA",Jonathan M. Shepko,#N/A,Rick Williams,"Jason R. Bates, MBA","Don R. Daseke, MBA, CPA",Grant Garbers,"Daniel J. Hennessy, MBA","Charles F. Serianni, CPA",Jonathan M. Shepko,Ena Williams,,,,,,,,,,5/28/2017,8/26/2017,2/22/2018,#N/A,9.79,#N/A,#N/A
E-Compass Acq,iFresh,IFMK,7/27/2016,2/13/2017,148,363%,Food,US/Canada,48.40%,$1.33 ,,0.9603,Long Deng,Long Deng,#N/A,Long Deng,"Yan Hong Xue, CPA",Mark C. Fang,Harvey Leibowitz,Zhou Ping,Jay Walder,,,,,,,,,,,,5/14/2017,8/12/2017,2/8/2018,#N/A,12.8,#N/A,#N/A
Arowana,VivoPower,VVPR,8/11/2016,12/28/2016,53,63%,Energy,Global,73.50%,$9.39 ,,2.8059,Tser Fah Chin,Tser Fah Chin,Tser Fah Chin,#N/A,James Tindal-Robertson,Matthew Cahir,Gemma Godfrey,Michael Singee Hui,Peter Jeavons,"William Langdon, MBA",,,,,,,,,,,3/28/2017,6/26/2017,12/23/2017,#N/A,4.52,#N/A,#N/A
Gores I,Hostess Brands,TWNK,,11/4/2016,"2,292",611%,Food,US/Canada,0.00%,$14.59 ,$1.60 ,115.3259,"Jerry D. Kaminski, MBA",Andrew P. Callahan,Andrew P. Callahan,"Andrew W. Jacobs, MBA","Brian T. Purcell, MBA",Laurence E. Bodner,Andrew P. Callahan,"Gretchen Renee Crist, MBA","Rachel P. Cullen, MBA",Yannis Skoufalos,"Craig D. Steeneck, CPA",,,,,,,,,,2/2/2017,5/3/2017,10/30/2017,#N/A,14.44,#N/A,#N/A
Silver Run I,Centennial Resource Dev,CDEV,7/22/2016,10/11/2016,"1,735",347%,Energy,US/Canada,0.00%,$4.06 ,,27.5779,"Steven J. Shapiro, MBA",Sean R. Smith,#N/A,Matthew R. Garrison,George S. Glyphis,"Maire A. Baldwin, MBA",Karl E. Bandtel,"Matthew Glover Hyde, MBA","Pierre Fernand Lapeyre, Jr., MBA","David Matthew Leuschen, MBA",Sean R. Smith,"Jeffrey Howard Tepper, MBA","Robert M. Tichio, MBA",,,,,,,,1/9/2017,4/9/2017,10/6/2017,#N/A,18.77,#N/A,#N/A
FinTech I,CardConnect,CCN,3/7/2016,7/29/2016,437,438%,Financial,US/Canada,11.20%,,,#N/A,#N/A,#N/A,#N/A,#N/A,#N/A,Stanley J. Andersen,Gretchen A. Herron,,,,,,,,,,,,,,10/27/2016,1/25/2017,7/24/2017,#N/A,9,#N/A,#N/A
